{"reference":"3 John 1","verses":[{"book_id":"3JN","book_name":"3 John","chapter":1,"verse":1,"text":"The elder unto the wellbeloved Gaius, whom I love in the truth.\n"},{"book_id":"3JN","book_name":"3 John","chapter":1,"verse":2,"text":"Beloved, I wish above all things that thou mayest prosper and be in health, even as thy soul prospereth.\n"},{"book_id":"3JN","book_name":"3 John","chapter":1,"verse":3,"text":"For I rejoiced greatly, when the brethren came and testified of the truth that is in thee, even as thou walkest in the truth.\n"},{"book_id":"3JN","book_name":"3 John","chapter":1,"verse":4,"text":"I have no greater joy than to hear that my children walk in truth.\n"},{"book_id":"3JN","book_name":"3 John","chapter":1,"verse":5,"text":"Beloved, thou doest faithfully whatsoever thou doest to the brethren, and to strangers;\n"},{"book_id":"3JN","book_name":"3 John","chapter":1,"verse":6,"text":"Which have borne witness of thy charity before the church: whom if thou bring forward on their journey after a godly sort, thou shalt do well:\n"},{"book_id":"3JN","book_name":"3 John","chapter":1,"verse":7,"text":"Because that for his name’s sake they went forth, taking nothing of the Gentiles.\n"},{"book_id":"3JN","book_name":"3 John","chapter":1,"verse":8,"text":"We therefore ought to receive such, that we might be fellowhelpers to the truth.\n"},{"book_id":"3JN","book_name":"3 John","chapter":1,"verse":9,"text":"I wrote unto the church: but Diotrephes, who loveth to have the preeminence among them, receiveth us not.\n"},{"book_id":"3JN","book_name":"3 John","chapter":1,"verse":10,"text":"Wherefore, if I come, I will remember his deeds which he doeth, prating against us with malicious words: and not content therewith, neither doth he himself receive the brethren, and forbiddeth them that would, and casteth\nthem out of the church.\n"},{"book_id":"3JN","book_name":"3 John","chapter":1,"verse":11,"text":"Beloved, follow not that which is evil, but that which is good. He that doeth good is of God: but he that doeth evil hath not seen God.\n"},{"book_id":"3JN","book_name":"3 John","chapter":1,"verse":12,"text":"Demetrius hath good report of all\nmen, and of the truth itself: yea, and we\nalso bear record; and ye know that our record is true.\n"},{"book_id":"3JN","book_name":"3 John","chapter":1,"verse":13,"text":"I had many things to write, but I will not with ink and pen write unto thee:\n"},{"book_id":"3JN","book_name":"3 John","chapter":1,"verse":14,"text":"But I trust I shall shortly see thee, and we shall speak face to face. Peace\nbe to thee.\nOur friends salute thee. Greet the friends by name.\n"}],"translation_id":"kjv","translation_name":"King James Version","translation_note":"Public Domain"}