{"reference":"Ecclesiastes 1,2,3,4,5,6,7,8,9,10,11,12","verses":[{"book_id":"ECC","book_name":"Ecclesiastes","chapter":1,"verse":1,"text":"The words of the Preacher, the son of David, king in Jerusalem.\n"},{"book_id":"ECC","book_name":"Ecclesiastes","chapter":1,"verse":2,"text":"Vanity of vanities, saith the Preacher, vanity of vanities; all\nis vanity.\n"},{"book_id":"ECC","book_name":"Ecclesiastes","chapter":1,"verse":3,"text":"What profit hath a man of all his labour which he taketh under the sun?\n"},{"book_id":"ECC","book_name":"Ecclesiastes","chapter":1,"verse":4,"text":"One generation passeth away, and\nanother generation cometh: but the earth abideth for ever.\n"},{"book_id":"ECC","book_name":"Ecclesiastes","chapter":1,"verse":5,"text":"The sun also ariseth, and the sun goeth down, and hasteth to his place where he arose.\n"},{"book_id":"ECC","book_name":"Ecclesiastes","chapter":1,"verse":6,"text":"The wind goeth toward the south, and turneth about unto the north; it whirleth about continually, and the wind returneth again according to his circuits.\n"},{"book_id":"ECC","book_name":"Ecclesiastes","chapter":1,"verse":7,"text":"All the rivers run into the sea; yet the sea\nis not full; unto the place from whence the rivers come, thither they return again.\n"},{"book_id":"ECC","book_name":"Ecclesiastes","chapter":1,"verse":8,"text":"All things\nare full of labour; man cannot utter\nit:\n the eye is not satisfied with seeing, nor the ear filled with hearing.\n"},{"book_id":"ECC","book_name":"Ecclesiastes","chapter":1,"verse":9,"text":"The thing that hath been, it\nis that which shall be; and that which is done\nis that which shall be done: and\nthere is\n no new\nthing under the sun.\n"},{"book_id":"ECC","book_name":"Ecclesiastes","chapter":1,"verse":10,"text":"Is there\nany thing whereof it may be said, See, this\nis new? it hath been already of old time, which was before us.\n"},{"book_id":"ECC","book_name":"Ecclesiastes","chapter":1,"verse":11,"text":"There is no remembrance of former\nthings; neither shall there be\nany remembrance of\nthings that are to come with\nthose that shall come after.\n"},{"book_id":"ECC","book_name":"Ecclesiastes","chapter":1,"verse":12,"text":"I the Preacher was king over Israel in Jerusalem.\n"},{"book_id":"ECC","book_name":"Ecclesiastes","chapter":1,"verse":13,"text":"And I gave my heart to seek and search out by wisdom concerning all\nthings that are done under heaven: this sore travail hath God given to the sons of man to be exercised therewith.\n"},{"book_id":"ECC","book_name":"Ecclesiastes","chapter":1,"verse":14,"text":"I have seen all the works that are done under the sun; and, behold, all\nis vanity and vexation of spirit.\n"},{"book_id":"ECC","book_name":"Ecclesiastes","chapter":1,"verse":15,"text":"That which is crooked cannot be made straight: and that which is wanting cannot be numbered.\n"},{"book_id":"ECC","book_name":"Ecclesiastes","chapter":1,"verse":16,"text":"I communed with mine own heart, saying, Lo, I am come to great estate, and have gotten more wisdom than all\nthey that have been before me in Jerusalem: yea, my heart had great experience of wisdom and knowledge.\n"},{"book_id":"ECC","book_name":"Ecclesiastes","chapter":1,"verse":17,"text":"And I gave my heart to know wisdom, and to know madness and folly: I perceived that this also is vexation of spirit.\n"},{"book_id":"ECC","book_name":"Ecclesiastes","chapter":1,"verse":18,"text":"For in much wisdom\nis much grief: and he that increaseth knowledge increaseth sorrow.\n"},{"book_id":"ECC","book_name":"Ecclesiastes","chapter":2,"verse":1,"text":"I said in mine heart, Go to now, I will prove thee with mirth, therefore enjoy pleasure: and, behold, this also\nis vanity.\n"},{"book_id":"ECC","book_name":"Ecclesiastes","chapter":2,"verse":2,"text":"I said of laughter,\nIt is mad: and of mirth, What doeth it?\n"},{"book_id":"ECC","book_name":"Ecclesiastes","chapter":2,"verse":3,"text":"I sought in mine heart to give myself unto wine, yet acquainting mine heart with wisdom; and to lay hold on folly, till I might see what\nwas\n that good for the sons of men, which they should do under the heaven all the days of their life.\n"},{"book_id":"ECC","book_name":"Ecclesiastes","chapter":2,"verse":4,"text":"I made me great works; I builded me houses; I planted me vineyards:\n"},{"book_id":"ECC","book_name":"Ecclesiastes","chapter":2,"verse":5,"text":"I made me gardens and orchards, and I planted trees in them of all\nkind of fruits:\n"},{"book_id":"ECC","book_name":"Ecclesiastes","chapter":2,"verse":6,"text":"I made me pools of water, to water therewith the wood that bringeth forth trees:\n"},{"book_id":"ECC","book_name":"Ecclesiastes","chapter":2,"verse":7,"text":"I got\nme servants and maidens, and had servants born in my house; also I had great possessions of great and small cattle above all that were in Jerusalem before me:\n"},{"book_id":"ECC","book_name":"Ecclesiastes","chapter":2,"verse":8,"text":"I gathered me also silver and gold, and the peculiar treasure of kings and of the provinces: I gat me men singers and women singers, and the delights of the sons of men,\nas musical instruments, and that of all sorts.\n"},{"book_id":"ECC","book_name":"Ecclesiastes","chapter":2,"verse":9,"text":"So I was great, and increased more than all that were before me in Jerusalem: also my wisdom remained with me.\n"},{"book_id":"ECC","book_name":"Ecclesiastes","chapter":2,"verse":10,"text":"And whatsoever mine eyes desired I kept not from them, I withheld not my heart from any joy; for my heart rejoiced in all my labour: and this was my portion of all my labour.\n"},{"book_id":"ECC","book_name":"Ecclesiastes","chapter":2,"verse":11,"text":"Then I looked on all the works that my hands had wrought, and on the labour that I had laboured to do: and, behold, all\nwas vanity and vexation of spirit, and\nthere was no profit under the sun.\n"},{"book_id":"ECC","book_name":"Ecclesiastes","chapter":2,"verse":12,"text":"And I turned myself to behold wisdom, and madness, and folly: for what\ncan the man\ndo that cometh after the king?\neven\n that which hath been already done.\n"},{"book_id":"ECC","book_name":"Ecclesiastes","chapter":2,"verse":13,"text":"Then I saw that wisdom excelleth folly, as far as light excelleth darkness.\n"},{"book_id":"ECC","book_name":"Ecclesiastes","chapter":2,"verse":14,"text":"The wise man’s eyes\nare in his head; but the fool walketh in darkness: and I myself perceived also that one event happeneth to them all.\n"},{"book_id":"ECC","book_name":"Ecclesiastes","chapter":2,"verse":15,"text":"Then said I in my heart, As it happeneth to the fool, so it happeneth even to me; and why was I then more wise? Then I said in my heart, that this also\nis vanity.\n"},{"book_id":"ECC","book_name":"Ecclesiastes","chapter":2,"verse":16,"text":"For\nthere is no remembrance of the wise more than of the fool for ever; seeing that which now\nis in the days to come shall all be forgotten. And how dieth the wise\nman? as the fool.\n"},{"book_id":"ECC","book_name":"Ecclesiastes","chapter":2,"verse":17,"text":"Therefore I hated life; because the work that is wrought under the sun is grievous unto me: for all\nis vanity and vexation of spirit.\n"},{"book_id":"ECC","book_name":"Ecclesiastes","chapter":2,"verse":18,"text":"Yea, I hated all my labour which I had taken under the sun: because I should leave it unto the man that shall be after me.\n"},{"book_id":"ECC","book_name":"Ecclesiastes","chapter":2,"verse":19,"text":"And who knoweth whether he shall be a wise\nman or a fool? yet shall he have rule over all my labour wherein I have laboured, and wherein I have shewed myself wise under the sun. This\nis also vanity.\n"},{"book_id":"ECC","book_name":"Ecclesiastes","chapter":2,"verse":20,"text":"Therefore I went about to cause my heart to despair of all the labour which I took under the sun.\n"},{"book_id":"ECC","book_name":"Ecclesiastes","chapter":2,"verse":21,"text":"For there is a man whose labour\nis in wisdom, and in knowledge, and in equity; yet to a man that hath not laboured therein shall he leave it\nfor his portion. This also\nis vanity and a great evil.\n"},{"book_id":"ECC","book_name":"Ecclesiastes","chapter":2,"verse":22,"text":"For what hath man of all his labour, and of the vexation of his heart, wherein he hath laboured under the sun?\n"},{"book_id":"ECC","book_name":"Ecclesiastes","chapter":2,"verse":23,"text":"For all his days\nare sorrows, and his travail grief; yea, his heart taketh not rest in the night. This is also vanity.\n"},{"book_id":"ECC","book_name":"Ecclesiastes","chapter":2,"verse":24,"text":"          There is nothing better for a man,\nthan that he should eat and drink, and\nthat he should make his soul enjoy good in his labour. This also I saw, that it\nwas from the hand of God.\n"},{"book_id":"ECC","book_name":"Ecclesiastes","chapter":2,"verse":25,"text":"For who can eat, or who else can hasten\nhereunto, more than I?\n"},{"book_id":"ECC","book_name":"Ecclesiastes","chapter":2,"verse":26,"text":"For\nGod giveth to a man that\nis good in his sight wisdom, and knowledge, and joy: but to the sinner he giveth travail, to gather and to heap up, that he may give to\nhim that is good before God. This also\nis vanity and vexation of spirit.\n"},{"book_id":"ECC","book_name":"Ecclesiastes","chapter":3,"verse":1,"text":"To every\nthing there is a season, and a time to every purpose under the heaven:\n"},{"book_id":"ECC","book_name":"Ecclesiastes","chapter":3,"verse":2,"text":"A time to be born, and a time to die; a time to plant, and a time to pluck up\nthat which is planted;\n"},{"book_id":"ECC","book_name":"Ecclesiastes","chapter":3,"verse":3,"text":"A time to kill, and a time to heal; a time to break down, and a time to build up;\n"},{"book_id":"ECC","book_name":"Ecclesiastes","chapter":3,"verse":4,"text":"A time to weep, and a time to laugh; a time to mourn, and a time to dance;\n"},{"book_id":"ECC","book_name":"Ecclesiastes","chapter":3,"verse":5,"text":"A time to cast away stones, and a time to gather stones together; a time to embrace, and a time to refrain from embracing;\n"},{"book_id":"ECC","book_name":"Ecclesiastes","chapter":3,"verse":6,"text":"A time to get, and a time to lose; a time to keep, and a time to cast away;\n"},{"book_id":"ECC","book_name":"Ecclesiastes","chapter":3,"verse":7,"text":"A time to rend, and a time to sew; a time to keep silence, and a time to speak;\n"},{"book_id":"ECC","book_name":"Ecclesiastes","chapter":3,"verse":8,"text":"A time to love, and a time to hate; a time of war, and a time of peace.\n"},{"book_id":"ECC","book_name":"Ecclesiastes","chapter":3,"verse":9,"text":"What profit hath he that worketh in that wherein he laboureth?\n"},{"book_id":"ECC","book_name":"Ecclesiastes","chapter":3,"verse":10,"text":"I have seen the travail, which God hath given to the sons of men to be exercised in it.\n"},{"book_id":"ECC","book_name":"Ecclesiastes","chapter":3,"verse":11,"text":"He hath made every\nthing beautiful in his time: also he hath set the world in their heart, so that no man can find out the work that God maketh from the beginning to the end.\n"},{"book_id":"ECC","book_name":"Ecclesiastes","chapter":3,"verse":12,"text":"I know that\nthere is no good in them, but for\na man\n to rejoice, and to do good in his life.\n"},{"book_id":"ECC","book_name":"Ecclesiastes","chapter":3,"verse":13,"text":"And also that every man should eat and drink, and enjoy the good of all his labour, it\nis the gift of God.\n"},{"book_id":"ECC","book_name":"Ecclesiastes","chapter":3,"verse":14,"text":"I know that, whatsoever God doeth, it shall be for ever: nothing can be put to it, nor any thing taken from it: and God doeth\nit, that\nmen should fear before him.\n"},{"book_id":"ECC","book_name":"Ecclesiastes","chapter":3,"verse":15,"text":"That which hath been is now; and that which is to be hath already been; and God requireth that which is past.\n"},{"book_id":"ECC","book_name":"Ecclesiastes","chapter":3,"verse":16,"text":"And moreover I saw under the sun the place of judgment,\nthat\n wickedness\nwas there; and the place of righteousness,\nthat iniquity\nwas there.\n"},{"book_id":"ECC","book_name":"Ecclesiastes","chapter":3,"verse":17,"text":"I said in mine heart, God shall judge the righteous and the wicked: for\nthere is a time there for every purpose and for every work.\n"},{"book_id":"ECC","book_name":"Ecclesiastes","chapter":3,"verse":18,"text":"I said in mine heart concerning the estate of the sons of men, that God might manifest them, and that they might see that they themselves are beasts.\n"},{"book_id":"ECC","book_name":"Ecclesiastes","chapter":3,"verse":19,"text":"For that which befalleth the sons of men befalleth beasts; even one thing befalleth them: as the one dieth, so dieth the other; yea, they have all one breath; so that a man hath no preeminence above a beast: for all\nis vanity.\n"},{"book_id":"ECC","book_name":"Ecclesiastes","chapter":3,"verse":20,"text":"All go unto one place; all are of the dust, and all turn to dust again.\n"},{"book_id":"ECC","book_name":"Ecclesiastes","chapter":3,"verse":21,"text":"Who knoweth the spirit of man that goeth upward, and the spirit of the beast that goeth downward to the earth?\n"},{"book_id":"ECC","book_name":"Ecclesiastes","chapter":3,"verse":22,"text":"Wherefore I perceive that\nthere is nothing better, than that a man should rejoice in his own works; for that\nis his portion: for who shall bring him to see what shall be after him?\n"},{"book_id":"ECC","book_name":"Ecclesiastes","chapter":4,"verse":1,"text":"So I returned, and considered all the oppressions that are done under the sun: and behold the tears of\nsuch as were oppressed, and they had no comforter; and on the side of their oppressors\nthere was power; but they had no comforter.\n"},{"book_id":"ECC","book_name":"Ecclesiastes","chapter":4,"verse":2,"text":"Wherefore I praised the dead which are already dead more than the living which are yet alive.\n"},{"book_id":"ECC","book_name":"Ecclesiastes","chapter":4,"verse":3,"text":"Yea, better\nis he than both they, which hath not yet been, who hath not seen the evil work that is done under the sun.\n"},{"book_id":"ECC","book_name":"Ecclesiastes","chapter":4,"verse":4,"text":"Again, I considered all travail, and every right work, that for this a man is envied of his neighbour. This\nis also vanity and vexation of spirit.\n"},{"book_id":"ECC","book_name":"Ecclesiastes","chapter":4,"verse":5,"text":"The fool foldeth his hands together, and eateth his own flesh.\n"},{"book_id":"ECC","book_name":"Ecclesiastes","chapter":4,"verse":6,"text":"Better\nis an handful\nwith quietness, than both the hands full\nwith travail and vexation of spirit.\n"},{"book_id":"ECC","book_name":"Ecclesiastes","chapter":4,"verse":7,"text":"Then I returned, and I saw vanity under the sun.\n"},{"book_id":"ECC","book_name":"Ecclesiastes","chapter":4,"verse":8,"text":"There is one\nalone, and\nthere is not a second; yea, he hath neither child nor brother: yet\nis there no end of all his labour; neither is his eye satisfied with riches; neither\nsaith he,\n For whom do I labour, and bereave my soul of good? This\nis\n also vanity, yea, it\nis a sore travail.\n"},{"book_id":"ECC","book_name":"Ecclesiastes","chapter":4,"verse":9,"text":"Two\nare better than one; because they have a good reward for their labour.\n"},{"book_id":"ECC","book_name":"Ecclesiastes","chapter":4,"verse":10,"text":"For if they fall, the one will lift up his fellow: but woe to him\nthat is alone when he falleth; for\nhe hath not another to help him up.\n"},{"book_id":"ECC","book_name":"Ecclesiastes","chapter":4,"verse":11,"text":"Again, if two lie together, then they have heat: but how can one be warm\nalone?\n"},{"book_id":"ECC","book_name":"Ecclesiastes","chapter":4,"verse":12,"text":"And if one prevail against him, two shall withstand him; and a threefold cord is not quickly broken.\n"},{"book_id":"ECC","book_name":"Ecclesiastes","chapter":4,"verse":13,"text":"Better\nis a poor and a wise child than an old and foolish king, who will no more be admonished.\n"},{"book_id":"ECC","book_name":"Ecclesiastes","chapter":4,"verse":14,"text":"For out of prison he cometh to reign; whereas also\nhe that is\n born in his kingdom becometh poor.\n"},{"book_id":"ECC","book_name":"Ecclesiastes","chapter":4,"verse":15,"text":"I considered all the living which walk under the sun, with the second child that shall stand up in his stead.\n"},{"book_id":"ECC","book_name":"Ecclesiastes","chapter":4,"verse":16,"text":"There is no end of all the people,\neven of all that have been before them: they also that come after shall not rejoice in him. Surely this also\nis vanity and vexation of spirit.\n"},{"book_id":"ECC","book_name":"Ecclesiastes","chapter":5,"verse":1,"text":"Keep thy foot when thou goest to the house of God, and be more ready to hear, than to give the sacrifice of fools: for they consider not that they do evil.\n"},{"book_id":"ECC","book_name":"Ecclesiastes","chapter":5,"verse":2,"text":"Be not rash with thy mouth, and let not thine heart be hasty to utter\nany thing before God: for God\nis in heaven, and thou upon earth: therefore let thy words be few.\n"},{"book_id":"ECC","book_name":"Ecclesiastes","chapter":5,"verse":3,"text":"For a dream cometh through the multitude of business; and a fool’s voice\nis known by multitude of words.\n"},{"book_id":"ECC","book_name":"Ecclesiastes","chapter":5,"verse":4,"text":"When thou vowest a vow unto God, defer not to pay it; for\nhe hath\n no pleasure in fools: pay that which thou hast vowed.\n"},{"book_id":"ECC","book_name":"Ecclesiastes","chapter":5,"verse":5,"text":"Better\nis it that thou shouldest not vow, than that thou shouldest vow and not pay.\n"},{"book_id":"ECC","book_name":"Ecclesiastes","chapter":5,"verse":6,"text":"Suffer not thy mouth to cause thy flesh to sin; neither say thou before the angel, that it\nwas an error: wherefore should God be angry at thy voice, and destroy the work of thine hands?\n"},{"book_id":"ECC","book_name":"Ecclesiastes","chapter":5,"verse":7,"text":"For in the multitude of dreams and many words\nthere are also\ndivers vanities: but fear thou God.\n"},{"book_id":"ECC","book_name":"Ecclesiastes","chapter":5,"verse":8,"text":"If thou seest the oppression of the poor, and violent perverting of judgment and justice in a province, marvel not at the matter: for\nhe that is higher than the highest regardeth; and\nthere be higher than they.\n"},{"book_id":"ECC","book_name":"Ecclesiastes","chapter":5,"verse":9,"text":"Moreover the profit of the earth is for all: the king\nhimself\n is served by the field.\n"},{"book_id":"ECC","book_name":"Ecclesiastes","chapter":5,"verse":10,"text":"He that loveth silver shall not be satisfied with silver; nor he that loveth abundance with increase: this\nis also vanity.\n"},{"book_id":"ECC","book_name":"Ecclesiastes","chapter":5,"verse":11,"text":"When goods increase, they are increased that eat them: and what good\nis there to the owners thereof, saving the beholding\nof them\n with their eyes?\n"},{"book_id":"ECC","book_name":"Ecclesiastes","chapter":5,"verse":12,"text":"The sleep of a labouring man\nis sweet, whether he eat little or much: but the abundance of the rich will not suffer him to sleep.\n"},{"book_id":"ECC","book_name":"Ecclesiastes","chapter":5,"verse":13,"text":"There is a sore evil\nwhich I have seen under the sun,\nnamely, riches kept for the owners thereof to their hurt.\n"},{"book_id":"ECC","book_name":"Ecclesiastes","chapter":5,"verse":14,"text":"But those riches perish by evil travail: and he begetteth a son, and\nthere is nothing in his hand.\n"},{"book_id":"ECC","book_name":"Ecclesiastes","chapter":5,"verse":15,"text":"As he came forth of his mother’s womb, naked shall he return to go as he came, and shall take nothing of his labour, which he may carry away in his hand.\n"},{"book_id":"ECC","book_name":"Ecclesiastes","chapter":5,"verse":16,"text":"And this also\nis a sore evil,\nthat in all points as he came, so shall he go: and what profit hath he that hath laboured for the wind?\n"},{"book_id":"ECC","book_name":"Ecclesiastes","chapter":5,"verse":17,"text":"All his days also he eateth in darkness, and\nhe hath much sorrow and wrath with his sickness.\n"},{"book_id":"ECC","book_name":"Ecclesiastes","chapter":5,"verse":18,"text":"Behold\nthat which I have seen:\nit is good and comely\nfor one to eat and to drink, and to enjoy the good of all his labour that he taketh under the sun all the days of his life, which God giveth him: for it\nis his portion.\n"},{"book_id":"ECC","book_name":"Ecclesiastes","chapter":5,"verse":19,"text":"Every man also to whom God hath given riches and wealth, and hath given him power to eat thereof, and to take his portion, and to rejoice in his labour; this\nis the gift of God.\n"},{"book_id":"ECC","book_name":"Ecclesiastes","chapter":5,"verse":20,"text":"For he shall not much remember the days of his life; because God answereth\nhim in the joy of his heart.\n"},{"book_id":"ECC","book_name":"Ecclesiastes","chapter":6,"verse":1,"text":"There is an evil which I have seen under the sun, and it\nis\n common among men:\n"},{"book_id":"ECC","book_name":"Ecclesiastes","chapter":6,"verse":2,"text":"A man to whom God hath given riches, wealth, and honour, so that he wanteth nothing for his soul of all that he desireth, yet God giveth him not power to eat thereof, but a stranger eateth it: this\nis vanity, and it\nis an evil disease.\n"},{"book_id":"ECC","book_name":"Ecclesiastes","chapter":6,"verse":3,"text":"If a man beget an hundred\nchildren, and live many years, so that the days of his years be many, and his soul be not filled with good, and also\nthat he have no burial; I say,\nthat an untimely birth\nis better than he.\n"},{"book_id":"ECC","book_name":"Ecclesiastes","chapter":6,"verse":4,"text":"For he cometh in with vanity, and departeth in darkness, and his name shall be covered with darkness.\n"},{"book_id":"ECC","book_name":"Ecclesiastes","chapter":6,"verse":5,"text":"Moreover he hath not seen the sun, nor known\nany thing: this hath more rest than the other.\n"},{"book_id":"ECC","book_name":"Ecclesiastes","chapter":6,"verse":6,"text":"Yea, though he live a thousand years twice\ntold, yet hath he seen no good: do not all go to one place?\n"},{"book_id":"ECC","book_name":"Ecclesiastes","chapter":6,"verse":7,"text":"All the labour of man\nis for his mouth, and yet the appetite is not filled.\n"},{"book_id":"ECC","book_name":"Ecclesiastes","chapter":6,"verse":8,"text":"For what hath the wise more than the fool? what hath the poor, that knoweth to walk before the living?\n"},{"book_id":"ECC","book_name":"Ecclesiastes","chapter":6,"verse":9,"text":"Better\nis the sight of the eyes than the wandering of the desire: this\nis also vanity and vexation of spirit.\n"},{"book_id":"ECC","book_name":"Ecclesiastes","chapter":6,"verse":10,"text":"That which hath been is named already, and it is known that it\nis man: neither may he contend with him that is mightier than he.\n"},{"book_id":"ECC","book_name":"Ecclesiastes","chapter":6,"verse":11,"text":"Seeing there be many things that increase vanity, what\nis\n man the better?\n"},{"book_id":"ECC","book_name":"Ecclesiastes","chapter":6,"verse":12,"text":"For who knoweth what\nis good for man in\nthis life, all the days of his vain life which he spendeth as a shadow? for who can tell a man what shall be after him under the sun?\n"},{"book_id":"ECC","book_name":"Ecclesiastes","chapter":7,"verse":1,"text":"A good name\nis better than precious ointment; and the day of death than the day of one’s birth.\n"},{"book_id":"ECC","book_name":"Ecclesiastes","chapter":7,"verse":2,"text":"          It is better to go to the house of mourning, than to go to the house of feasting: for that is the end of all men; and the living will lay\nit to his heart.\n"},{"book_id":"ECC","book_name":"Ecclesiastes","chapter":7,"verse":3,"text":"Sorrow\nis better than laughter: for by the sadness of the countenance the heart is made better.\n"},{"book_id":"ECC","book_name":"Ecclesiastes","chapter":7,"verse":4,"text":"The heart of the wise\nis in the house of mourning; but the heart of fools\nis in the house of mirth.\n"},{"book_id":"ECC","book_name":"Ecclesiastes","chapter":7,"verse":5,"text":"It is better to hear the rebuke of the wise, than for a man to hear the song of fools.\n"},{"book_id":"ECC","book_name":"Ecclesiastes","chapter":7,"verse":6,"text":"For as the crackling of thorns under a pot, so\nis the laughter of the fool: this also\nis vanity.\n"},{"book_id":"ECC","book_name":"Ecclesiastes","chapter":7,"verse":7,"text":"Surely oppression maketh a wise man mad; and a gift destroyeth the heart.\n"},{"book_id":"ECC","book_name":"Ecclesiastes","chapter":7,"verse":8,"text":"Better\nis the end of a thing than the beginning thereof:\nand the patient in spirit\nis better than the proud in spirit.\n"},{"book_id":"ECC","book_name":"Ecclesiastes","chapter":7,"verse":9,"text":"Be not hasty in thy spirit to be angry: for anger resteth in the bosom of fools.\n"},{"book_id":"ECC","book_name":"Ecclesiastes","chapter":7,"verse":10,"text":"Say not thou, What is\nthe cause that the former days were better than these? for thou dost not enquire wisely concerning this.\n"},{"book_id":"ECC","book_name":"Ecclesiastes","chapter":7,"verse":11,"text":"Wisdom\nis good with an inheritance: and\nby it there is\n profit to them that see the sun.\n"},{"book_id":"ECC","book_name":"Ecclesiastes","chapter":7,"verse":12,"text":"For wisdom\nis a defence,\nand money\nis\n a defence: but the excellency of knowledge\nis, that wisdom giveth life to them that have it.\n"},{"book_id":"ECC","book_name":"Ecclesiastes","chapter":7,"verse":13,"text":"Consider the work of God: for who can make\nthat straight, which he hath made crooked?\n"},{"book_id":"ECC","book_name":"Ecclesiastes","chapter":7,"verse":14,"text":"In the day of prosperity be joyful, but in the day of adversity consider: God also hath set the one over against the other, to the end that man should find nothing after him.\n"},{"book_id":"ECC","book_name":"Ecclesiastes","chapter":7,"verse":15,"text":"All\nthings have I seen in the days of my vanity: there is a just\nman that perisheth in his righteousness, and there is a wicked\nman that prolongeth\nhis life in his wickedness.\n"},{"book_id":"ECC","book_name":"Ecclesiastes","chapter":7,"verse":16,"text":"Be not righteous over much; neither make thyself over wise: why shouldest thou destroy thyself?\n"},{"book_id":"ECC","book_name":"Ecclesiastes","chapter":7,"verse":17,"text":"Be not over much wicked, neither be thou foolish: why shouldest thou die before thy time?\n"},{"book_id":"ECC","book_name":"Ecclesiastes","chapter":7,"verse":18,"text":"It is good that thou shouldest take hold of this; yea, also from this withdraw not thine hand: for he that feareth God shall come forth of them all.\n"},{"book_id":"ECC","book_name":"Ecclesiastes","chapter":7,"verse":19,"text":"Wisdom strengtheneth the wise more than ten mighty\nmen which are in the city.\n"},{"book_id":"ECC","book_name":"Ecclesiastes","chapter":7,"verse":20,"text":"For\nthere is not a just man upon earth, that doeth good, and sinneth not.\n"},{"book_id":"ECC","book_name":"Ecclesiastes","chapter":7,"verse":21,"text":"Also take no heed unto all words that are spoken; lest thou hear thy servant curse thee:\n"},{"book_id":"ECC","book_name":"Ecclesiastes","chapter":7,"verse":22,"text":"For oftentimes also thine own heart knoweth that thou thyself likewise hast cursed others.\n"},{"book_id":"ECC","book_name":"Ecclesiastes","chapter":7,"verse":23,"text":"All this have I proved by wisdom: I said, I will be wise; but it\nwas far from me.\n"},{"book_id":"ECC","book_name":"Ecclesiastes","chapter":7,"verse":24,"text":"That which is far off, and exceeding deep, who can find it out?\n"},{"book_id":"ECC","book_name":"Ecclesiastes","chapter":7,"verse":25,"text":"I applied mine heart to know, and to search, and to seek out wisdom, and the reason\nof things, and to know the wickedness of folly, even of foolishness\nand madness:\n"},{"book_id":"ECC","book_name":"Ecclesiastes","chapter":7,"verse":26,"text":"And I find more bitter than death the woman, whose heart\nis\n snares and nets,\nand her hands\nas bands: whoso pleaseth God shall escape from her; but the sinner shall be taken by her.\n"},{"book_id":"ECC","book_name":"Ecclesiastes","chapter":7,"verse":27,"text":"Behold, this have I found, saith the preacher,\ncounting one by one, to find out the account:\n"},{"book_id":"ECC","book_name":"Ecclesiastes","chapter":7,"verse":28,"text":"Which yet my soul seeketh, but I find not: one man among a thousand have I found; but a woman among all those have I not found.\n"},{"book_id":"ECC","book_name":"Ecclesiastes","chapter":7,"verse":29,"text":"Lo, this only have I found, that God hath made man upright; but they have sought out many inventions.\n"},{"book_id":"ECC","book_name":"Ecclesiastes","chapter":8,"verse":1,"text":"Who\nis as the wise\nman? and who knoweth the interpretation of a thing? a man’s wisdom maketh his face to shine, and the boldness of his face shall be changed.\n"},{"book_id":"ECC","book_name":"Ecclesiastes","chapter":8,"verse":2,"text":"I\ncounsel thee to keep the king’s commandment, and\nthat\n in regard of the oath of God.\n"},{"book_id":"ECC","book_name":"Ecclesiastes","chapter":8,"verse":3,"text":"Be not hasty to go out of his sight: stand not in an evil thing; for he doeth whatsoever pleaseth him.\n"},{"book_id":"ECC","book_name":"Ecclesiastes","chapter":8,"verse":4,"text":"Where the word of a king\nis, there is power: and who may say unto him, What doest thou?\n"},{"book_id":"ECC","book_name":"Ecclesiastes","chapter":8,"verse":5,"text":"Whoso keepeth the commandment shall feel no evil thing: and a wise man’s heart discerneth both time and judgment.\n"},{"book_id":"ECC","book_name":"Ecclesiastes","chapter":8,"verse":6,"text":"Because to every purpose there is time and judgment, therefore the misery of man\nis great upon him.\n"},{"book_id":"ECC","book_name":"Ecclesiastes","chapter":8,"verse":7,"text":"For he knoweth not that which shall be: for who can tell him when it shall be?\n"},{"book_id":"ECC","book_name":"Ecclesiastes","chapter":8,"verse":8,"text":"There is no man that hath power over the spirit to retain the spirit; neither\nhath he power in the day of death: and\nthere is no discharge in\nthat war; neither shall wickedness deliver those that are given to it.\n"},{"book_id":"ECC","book_name":"Ecclesiastes","chapter":8,"verse":9,"text":"All this have I seen, and applied my heart unto every work that is done under the sun:\nthere is a time wherein one man ruleth over another to his own hurt.\n"},{"book_id":"ECC","book_name":"Ecclesiastes","chapter":8,"verse":10,"text":"And so I saw the wicked buried, who had come and gone from the place of the holy, and they were forgotten in the city where they had so done: this\nis also vanity.\n"},{"book_id":"ECC","book_name":"Ecclesiastes","chapter":8,"verse":11,"text":"Because sentence against an evil work is not executed speedily, therefore the heart of the sons of men is fully set in them to do evil.\n"},{"book_id":"ECC","book_name":"Ecclesiastes","chapter":8,"verse":12,"text":"Though a sinner do evil an hundred times, and his\ndays be prolonged, yet surely I know that it shall be well with them that fear God, which fear before him:\n"},{"book_id":"ECC","book_name":"Ecclesiastes","chapter":8,"verse":13,"text":"But it shall not be well with the wicked, neither shall he prolong\nhis days,\nwhich are as a shadow; because he feareth not before God.\n"},{"book_id":"ECC","book_name":"Ecclesiastes","chapter":8,"verse":14,"text":"There is a vanity which is done upon the earth; that there be just\nmen, unto whom it happeneth according to the work of the wicked; again, there be wicked\nmen, to whom it happeneth according to the work of the righteous: I said that this also\nis vanity.\n"},{"book_id":"ECC","book_name":"Ecclesiastes","chapter":8,"verse":15,"text":"Then I commended mirth, because a man hath no better thing under the sun, than to eat, and to drink, and to be merry: for that shall abide with him of his labour the days of his life, which God giveth him under the sun.\n"},{"book_id":"ECC","book_name":"Ecclesiastes","chapter":8,"verse":16,"text":"When I applied mine heart to know wisdom, and to see the business that is done upon the earth: (for also\nthere is that neither day nor night seeth sleep with his eyes:)\n"},{"book_id":"ECC","book_name":"Ecclesiastes","chapter":8,"verse":17,"text":"Then I beheld all the work of God, that a man cannot find out the work that is done under the sun: because though a man labour to seek\nit\n out, yet he shall not find\nit; yea further; though a wise\nman think to know\nit, yet shall he not be able to find\nit."},{"book_id":"ECC","book_name":"Ecclesiastes","chapter":9,"verse":1,"text":"For all this I considered in my heart even to declare all this, that the righteous, and the wise, and their works, are in the hand of God: no man knoweth either love or hatred\nby all\nthat is before them.\n"},{"book_id":"ECC","book_name":"Ecclesiastes","chapter":9,"verse":2,"text":"All\nthings come alike to all:\nthere is one event to the righteous, and to the wicked; to the good and to the clean, and to the unclean; to him that sacrificeth, and to him that sacrificeth not: as\nis the good, so\nis the sinner;\nand he that sweareth, as\nhe that feareth an oath.\n"},{"book_id":"ECC","book_name":"Ecclesiastes","chapter":9,"verse":3,"text":"This\nis an evil among all\nthings that are done under the sun, that\nthere is one event unto all: yea, also the heart of the sons of men is full of evil, and madness is in their heart while they live, and after that\nthey go to the dead.\n"},{"book_id":"ECC","book_name":"Ecclesiastes","chapter":9,"verse":4,"text":"For to him that is joined to all the living there is hope: for a living dog is better than a dead lion.\n"},{"book_id":"ECC","book_name":"Ecclesiastes","chapter":9,"verse":5,"text":"For the living know that they shall die: but the dead know not any thing, neither have they any more a reward; for the memory of them is forgotten.\n"},{"book_id":"ECC","book_name":"Ecclesiastes","chapter":9,"verse":6,"text":"Also their love, and their hatred, and their envy, is now perished; neither have they any more a portion for ever in any\nthing that is done under the sun.\n"},{"book_id":"ECC","book_name":"Ecclesiastes","chapter":9,"verse":7,"text":"Go thy way, eat thy bread with joy, and drink thy wine with a merry heart; for God now accepteth thy works.\n"},{"book_id":"ECC","book_name":"Ecclesiastes","chapter":9,"verse":8,"text":"Let thy garments be always white; and let thy head lack no ointment.\n"},{"book_id":"ECC","book_name":"Ecclesiastes","chapter":9,"verse":9,"text":"Live joyfully with the wife whom thou lovest all the days of the life of thy vanity, which he hath given thee under the sun, all the days of thy vanity: for that\nis thy portion in\nthis life, and in thy labour which thou takest under the sun.\n"},{"book_id":"ECC","book_name":"Ecclesiastes","chapter":9,"verse":10,"text":"Whatsoever thy hand findeth to do, do\nit with thy might; for\nthere is no work, nor device, nor knowledge, nor wisdom, in the grave, whither thou goest.\n"},{"book_id":"ECC","book_name":"Ecclesiastes","chapter":9,"verse":11,"text":"I returned, and saw under the sun, that the race\nis not to the swift, nor the battle to the strong, neither yet bread to the wise, nor yet riches to men of understanding, nor yet favour to men of skill; but time and chance happeneth to them all.\n"},{"book_id":"ECC","book_name":"Ecclesiastes","chapter":9,"verse":12,"text":"For man also knoweth not his time: as the fishes that are taken in an evil net, and as the birds that are caught in the snare; so\nare\n the sons of men snared in an evil time, when it falleth suddenly upon them.\n"},{"book_id":"ECC","book_name":"Ecclesiastes","chapter":9,"verse":13,"text":"This wisdom have I seen also under the sun, and it\nseemed\n great unto me:\n"},{"book_id":"ECC","book_name":"Ecclesiastes","chapter":9,"verse":14,"text":"There was a little city, and few men within it; and there came a great king against it, and besieged it, and built great bulwarks against it:\n"},{"book_id":"ECC","book_name":"Ecclesiastes","chapter":9,"verse":15,"text":"Now there was found in it a poor wise man, and he by his wisdom delivered the city; yet no man remembered that same poor man.\n"},{"book_id":"ECC","book_name":"Ecclesiastes","chapter":9,"verse":16,"text":"Then said I, Wisdom\nis better than strength: nevertheless the poor man’s wisdom\nis despised, and his words are not heard.\n"},{"book_id":"ECC","book_name":"Ecclesiastes","chapter":9,"verse":17,"text":"The words of wise\nmen are heard in quiet more than the cry of him that ruleth among fools.\n"},{"book_id":"ECC","book_name":"Ecclesiastes","chapter":9,"verse":18,"text":"Wisdom\nis better than weapons of war: but one sinner destroyeth much good.\n"},{"book_id":"ECC","book_name":"Ecclesiastes","chapter":10,"verse":1,"text":"Dead flies cause the ointment of the apothecary to send forth a stinking savour:\nso doth a little folly him that is in reputation for wisdom\nand honour.\n"},{"book_id":"ECC","book_name":"Ecclesiastes","chapter":10,"verse":2,"text":"A wise man’s heart\nis at his right hand; but a fool’s heart at his left.\n"},{"book_id":"ECC","book_name":"Ecclesiastes","chapter":10,"verse":3,"text":"Yea also, when he that is a fool walketh by the way, his wisdom faileth\nhim, and he saith to every one\nthat he\nis a fool.\n"},{"book_id":"ECC","book_name":"Ecclesiastes","chapter":10,"verse":4,"text":"If the spirit of the ruler rise up against thee, leave not thy place; for yielding pacifieth great offences.\n"},{"book_id":"ECC","book_name":"Ecclesiastes","chapter":10,"verse":5,"text":"There is an evil\nwhich I have seen under the sun, as an error\nwhich proceedeth from the ruler:\n"},{"book_id":"ECC","book_name":"Ecclesiastes","chapter":10,"verse":6,"text":"Folly is set in great dignity, and the rich sit in low place.\n"},{"book_id":"ECC","book_name":"Ecclesiastes","chapter":10,"verse":7,"text":"I have seen servants upon horses, and princes walking as servants upon the earth.\n"},{"book_id":"ECC","book_name":"Ecclesiastes","chapter":10,"verse":8,"text":"He that diggeth a pit shall fall into it; and whoso breaketh an hedge, a serpent shall bite him.\n"},{"book_id":"ECC","book_name":"Ecclesiastes","chapter":10,"verse":9,"text":"Whoso removeth stones shall be hurt therewith;\nand he that cleaveth wood shall be endangered thereby.\n"},{"book_id":"ECC","book_name":"Ecclesiastes","chapter":10,"verse":10,"text":"If the iron be blunt, and he do not whet the edge, then must he put to more strength: but wisdom\nis profitable to direct.\n"},{"book_id":"ECC","book_name":"Ecclesiastes","chapter":10,"verse":11,"text":"Surely the serpent will bite without enchantment; and a babbler is no better.\n"},{"book_id":"ECC","book_name":"Ecclesiastes","chapter":10,"verse":12,"text":"The words of a wise man’s mouth\nare gracious; but the lips of a fool will swallow up himself.\n"},{"book_id":"ECC","book_name":"Ecclesiastes","chapter":10,"verse":13,"text":"The beginning of the words of his mouth\nis foolishness: and the end of his talk\nis mischievous madness.\n"},{"book_id":"ECC","book_name":"Ecclesiastes","chapter":10,"verse":14,"text":"A fool also is full of words: a man cannot tell what shall be; and what shall be after him, who can tell him?\n"},{"book_id":"ECC","book_name":"Ecclesiastes","chapter":10,"verse":15,"text":"The labour of the foolish wearieth every one of them, because he knoweth not how to go to the city.\n"},{"book_id":"ECC","book_name":"Ecclesiastes","chapter":10,"verse":16,"text":"Woe to thee, O land, when thy king\nis a child, and thy princes eat in the morning!\n"},{"book_id":"ECC","book_name":"Ecclesiastes","chapter":10,"verse":17,"text":"Blessed\nart thou, O land, when thy king\nis the son of nobles, and thy princes eat in due season, for strength, and not for drunkenness!\n"},{"book_id":"ECC","book_name":"Ecclesiastes","chapter":10,"verse":18,"text":"By much slothfulness the building decayeth; and through idleness of the hands the house droppeth through.\n"},{"book_id":"ECC","book_name":"Ecclesiastes","chapter":10,"verse":19,"text":"A feast is made for laughter, and wine maketh merry: but money answereth all\nthings."},{"book_id":"ECC","book_name":"Ecclesiastes","chapter":10,"verse":20,"text":"Curse not the king, no not in thy thought; and curse not the rich in thy bedchamber: for a bird of the air shall carry the voice, and that which hath wings shall tell the matter.\n"},{"book_id":"ECC","book_name":"Ecclesiastes","chapter":11,"verse":1,"text":"Cast thy bread upon the waters: for thou shalt find it after many days.\n"},{"book_id":"ECC","book_name":"Ecclesiastes","chapter":11,"verse":2,"text":"Give a portion to seven, and also to eight; for thou knowest not what evil shall be upon the earth.\n"},{"book_id":"ECC","book_name":"Ecclesiastes","chapter":11,"verse":3,"text":"If the clouds be full of rain, they empty\nthemselves upon the earth: and if the tree fall toward the south, or toward the north, in the place where the tree falleth, there it shall be.\n"},{"book_id":"ECC","book_name":"Ecclesiastes","chapter":11,"verse":4,"text":"He that observeth the wind shall not sow; and he that regardeth the clouds shall not reap.\n"},{"book_id":"ECC","book_name":"Ecclesiastes","chapter":11,"verse":5,"text":"As thou knowest not what\nis the way of the spirit,\nnor\n how the bones\ndo grow in the womb of her that is with child: even so thou knowest not the works of God who maketh all.\n"},{"book_id":"ECC","book_name":"Ecclesiastes","chapter":11,"verse":6,"text":"In the morning sow thy seed, and in the evening withhold not thine hand: for thou knowest not whether shall prosper, either this or that, or whether they both\nshall be alike good.\n"},{"book_id":"ECC","book_name":"Ecclesiastes","chapter":11,"verse":7,"text":"Truly the light\nis sweet, and a pleasant\nthing it is\n for the eyes to behold the sun:\n"},{"book_id":"ECC","book_name":"Ecclesiastes","chapter":11,"verse":8,"text":"But if a man live many years,\nand rejoice in them all; yet let him remember the days of darkness; for they shall be many. All that cometh\nis vanity.\n"},{"book_id":"ECC","book_name":"Ecclesiastes","chapter":11,"verse":9,"text":"Rejoice, O young man, in thy youth; and let thy heart cheer thee in the days of thy youth, and walk in the ways of thine heart, and in the sight of thine eyes: but know thou, that for all these\nthings God will bring thee into judgment.\n"},{"book_id":"ECC","book_name":"Ecclesiastes","chapter":11,"verse":10,"text":"Therefore remove sorrow from thy heart, and put away evil from thy flesh: for childhood and youth\nare vanity.\n"},{"book_id":"ECC","book_name":"Ecclesiastes","chapter":12,"verse":1,"text":"Remember now thy Creator in the days of thy youth, while the evil days come not, nor the years draw nigh, when thou shalt say, I have no pleasure in them;\n"},{"book_id":"ECC","book_name":"Ecclesiastes","chapter":12,"verse":2,"text":"While the sun, or the light, or the moon, or the stars, be not darkened, nor the clouds return after the rain:\n"},{"book_id":"ECC","book_name":"Ecclesiastes","chapter":12,"verse":3,"text":"In the day when the keepers of the house shall tremble, and the strong men shall bow themselves, and the grinders cease because they are few, and those that look out of the windows be darkened,\n"},{"book_id":"ECC","book_name":"Ecclesiastes","chapter":12,"verse":4,"text":"And the doors shall be shut in the streets, when the sound of the grinding is low, and he shall rise up at the voice of the bird, and all the daughters of musick shall be brought low;\n"},{"book_id":"ECC","book_name":"Ecclesiastes","chapter":12,"verse":5,"text":"Also\nwhen they shall be afraid of\nthat which is\n high, and fears\nshall be in the way, and the almond tree shall flourish, and the grasshopper shall be a burden, and desire shall fail: because man goeth to his long home, and the mourners go about the streets:\n"},{"book_id":"ECC","book_name":"Ecclesiastes","chapter":12,"verse":6,"text":"Or ever the silver cord be loosed, or the golden bowl be broken, or the pitcher be broken at the fountain, or the wheel broken at the cistern.\n"},{"book_id":"ECC","book_name":"Ecclesiastes","chapter":12,"verse":7,"text":"Then shall the dust return to the earth as it was: and the spirit shall return unto God who gave it.\n"},{"book_id":"ECC","book_name":"Ecclesiastes","chapter":12,"verse":8,"text":"Vanity of vanities, saith the preacher; all\nis vanity.\n"},{"book_id":"ECC","book_name":"Ecclesiastes","chapter":12,"verse":9,"text":"And moreover, because the preacher was wise, he still taught the people knowledge; yea, he gave good heed, and sought out,\nand set in order many proverbs.\n"},{"book_id":"ECC","book_name":"Ecclesiastes","chapter":12,"verse":10,"text":"The preacher sought to find out acceptable words: and\nthat which was written\nwas upright,\neven words of truth.\n"},{"book_id":"ECC","book_name":"Ecclesiastes","chapter":12,"verse":11,"text":"The words of the wise\nare as goads, and as nails fastened by the masters of assemblies,\nwhich are given from one shepherd.\n"},{"book_id":"ECC","book_name":"Ecclesiastes","chapter":12,"verse":12,"text":"And further, by these, my son, be admonished: of making many books\nthere is no end; and much study\nis a weariness of the flesh.\n"},{"book_id":"ECC","book_name":"Ecclesiastes","chapter":12,"verse":13,"text":"Let us hear the conclusion of the whole matter: Fear God, and keep his commandments: for this\nis the whole\nduty of man.\n"},{"book_id":"ECC","book_name":"Ecclesiastes","chapter":12,"verse":14,"text":"For God shall bring every work into judgment, with every secret thing, whether\nit be good, or whether\nit be evil.\n"}],"translation_id":"kjv","translation_name":"King James Version","translation_note":"Public Domain"}