{"reference":"Habakkuk 1,2,3","verses":[{"book_id":"HAB","book_name":"Habakkuk","chapter":1,"verse":1,"text":"The burden which Habakkuk the prophet did see.\n"},{"book_id":"HAB","book_name":"Habakkuk","chapter":1,"verse":2,"text":"O LORD, how long shall I cry, and thou wilt not hear!\neven\n cry out unto thee\nof violence, and thou wilt not save!\n"},{"book_id":"HAB","book_name":"Habakkuk","chapter":1,"verse":3,"text":"Why dost thou shew me iniquity, and cause\nme to behold grievance? for spoiling and violence\nare before me: and there are\nthat raise up strife and contention.\n"},{"book_id":"HAB","book_name":"Habakkuk","chapter":1,"verse":4,"text":"Therefore the law is slacked, and judgment doth never go forth: for the wicked doth compass about the righteous; therefore wrong judgment proceedeth.\n"},{"book_id":"HAB","book_name":"Habakkuk","chapter":1,"verse":5,"text":"Behold ye among the heathen, and regard, and wonder marvellously: for\nI will work a work in your days,\nwhich ye will not believe, though it be told\nyou.\n"},{"book_id":"HAB","book_name":"Habakkuk","chapter":1,"verse":6,"text":"For, lo, I raise up the Chaldeans,\nthat bitter and hasty nation, which shall march through the breadth of the land, to possess the dwellingplaces\nthat are not theirs.\n"},{"book_id":"HAB","book_name":"Habakkuk","chapter":1,"verse":7,"text":"They\nare terrible and dreadful: their judgment and their dignity shall proceed of themselves.\n"},{"book_id":"HAB","book_name":"Habakkuk","chapter":1,"verse":8,"text":"Their horses also are swifter than the leopards, and are more fierce than the evening wolves: and their horsemen shall spread themselves, and their horsemen shall come from far; they shall fly as the eagle\nthat\n hasteth to eat.\n"},{"book_id":"HAB","book_name":"Habakkuk","chapter":1,"verse":9,"text":"They shall come all for violence: their faces shall sup up\nas\n the east wind, and they shall gather the captivity as the sand.\n"},{"book_id":"HAB","book_name":"Habakkuk","chapter":1,"verse":10,"text":"And they shall scoff at the kings, and the princes shall be a scorn unto them: they shall deride every strong hold; for they shall heap dust, and take it.\n"},{"book_id":"HAB","book_name":"Habakkuk","chapter":1,"verse":11,"text":"Then shall\nhis mind change, and he shall pass over, and offend,\nimputing this his power unto his god.\n"},{"book_id":"HAB","book_name":"Habakkuk","chapter":1,"verse":12,"text":"          Art thou not from everlasting, O LORD my God, mine Holy One? we shall not die. O LORD, thou hast ordained them for judgment; and, O mighty God, thou hast established them for correction.\n"},{"book_id":"HAB","book_name":"Habakkuk","chapter":1,"verse":13,"text":"Thou art of purer eyes than to behold evil, and canst not look on iniquity: wherefore lookest thou upon them that deal treacherously,\nand holdest thy tongue when the wicked devoureth\nthe man that is more righteous than he?\n"},{"book_id":"HAB","book_name":"Habakkuk","chapter":1,"verse":14,"text":"And makest men as the fishes of the sea, as the creeping things,\nthat have no ruler over them?\n"},{"book_id":"HAB","book_name":"Habakkuk","chapter":1,"verse":15,"text":"They take up all of them with the angle, they catch them in their net, and gather them in their drag: therefore they rejoice and are glad.\n"},{"book_id":"HAB","book_name":"Habakkuk","chapter":1,"verse":16,"text":"Therefore they sacrifice unto their net, and burn incense unto their drag; because by them their portion\nis fat, and their meat plenteous.\n"},{"book_id":"HAB","book_name":"Habakkuk","chapter":1,"verse":17,"text":"Shall they therefore empty their net, and not spare continually to slay the nations?\n"},{"book_id":"HAB","book_name":"Habakkuk","chapter":2,"verse":1,"text":"I will stand upon my watch, and set me upon the tower, and will watch to see what he will say unto me, and what I shall answer when I am reproved.\n"},{"book_id":"HAB","book_name":"Habakkuk","chapter":2,"verse":2,"text":"And the LORD answered me, and said, Write the vision, and make\nit plain upon tables, that he may run that readeth it.\n"},{"book_id":"HAB","book_name":"Habakkuk","chapter":2,"verse":3,"text":"For the vision\nis yet for an appointed time, but at the end it shall speak, and not lie: though it tarry, wait for it; because it will surely come, it will not tarry.\n"},{"book_id":"HAB","book_name":"Habakkuk","chapter":2,"verse":4,"text":"Behold, his soul\nwhich is lifted up is not upright in him: but the just shall live by his faith.\n"},{"book_id":"HAB","book_name":"Habakkuk","chapter":2,"verse":5,"text":"Yea also, because he transgresseth by wine,\nhe is a proud man, neither keepeth at home, who enlargeth his desire as hell, and\nis\n as death, and cannot be satisfied, but gathereth unto him all nations, and heapeth unto him all people:\n"},{"book_id":"HAB","book_name":"Habakkuk","chapter":2,"verse":6,"text":"Shall not all these take up a parable against him, and a taunting proverb against him, and say, Woe to him that increaseth\nthat which is\n not his! how long? and to him that ladeth himself with thick clay!\n"},{"book_id":"HAB","book_name":"Habakkuk","chapter":2,"verse":7,"text":"Shall they not rise up suddenly that shall bite thee, and awake that shall vex thee, and thou shalt be for booties unto them?\n"},{"book_id":"HAB","book_name":"Habakkuk","chapter":2,"verse":8,"text":"Because thou hast spoiled many nations, all the remnant of the people shall spoil thee; because of men’s blood, and\nfor the violence of the land, of the city, and of all that dwell therein.\n"},{"book_id":"HAB","book_name":"Habakkuk","chapter":2,"verse":9,"text":"Woe to him that coveteth an evil covetousness to his house, that he may set his nest on high, that he may be delivered from the power of evil!\n"},{"book_id":"HAB","book_name":"Habakkuk","chapter":2,"verse":10,"text":"Thou hast consulted shame to thy house by cutting off many people, and hast sinned\nagainst thy soul.\n"},{"book_id":"HAB","book_name":"Habakkuk","chapter":2,"verse":11,"text":"For the stone shall cry out of the wall, and the beam out of the timber shall answer it.\n"},{"book_id":"HAB","book_name":"Habakkuk","chapter":2,"verse":12,"text":"Woe to him that buildeth a town with blood, and stablisheth a city by iniquity!\n"},{"book_id":"HAB","book_name":"Habakkuk","chapter":2,"verse":13,"text":"Behold,\nis it not of the LORD of hosts that the people shall labour in the very fire, and the people shall weary themselves for very vanity?\n"},{"book_id":"HAB","book_name":"Habakkuk","chapter":2,"verse":14,"text":"For the earth shall be filled with the knowledge of the glory of the LORD, as the waters cover the sea.\n"},{"book_id":"HAB","book_name":"Habakkuk","chapter":2,"verse":15,"text":"Woe unto him that giveth his neighbour drink, that puttest thy bottle to\nhim, and makest\nhim drunken also, that thou mayest look on their nakedness!\n"},{"book_id":"HAB","book_name":"Habakkuk","chapter":2,"verse":16,"text":"Thou art filled with shame for glory: drink thou also, and let thy foreskin be uncovered: the cup of the LORD’S right hand shall be turned unto thee, and shameful spewing\nshall be on thy glory.\n"},{"book_id":"HAB","book_name":"Habakkuk","chapter":2,"verse":17,"text":"For the violence of Lebanon shall cover thee, and the spoil of beasts,\nwhich made them afraid, because of men’s blood, and for the violence of the land, of the city, and of all that dwell therein.\n"},{"book_id":"HAB","book_name":"Habakkuk","chapter":2,"verse":18,"text":"What profiteth the graven image that the maker thereof hath graven it; the molten image, and a teacher of lies, that the maker of his work trusteth therein, to make dumb idols?\n"},{"book_id":"HAB","book_name":"Habakkuk","chapter":2,"verse":19,"text":"Woe unto him that saith to the wood, Awake; to the dumb stone, Arise, it shall teach! Behold, it\nis laid over with gold and silver, and\nthere is no breath at all in the midst of it.\n"},{"book_id":"HAB","book_name":"Habakkuk","chapter":2,"verse":20,"text":"But the LORD\nis in his holy temple: let all the earth keep silence before him.\n"},{"book_id":"HAB","book_name":"Habakkuk","chapter":3,"verse":1,"text":"A prayer of Habakkuk the prophet upon Shigionoth.\n"},{"book_id":"HAB","book_name":"Habakkuk","chapter":3,"verse":2,"text":"O LORD, I have heard thy speech,\nand was afraid: O LORD, revive thy work in the midst of the years, in the midst of the years make known; in wrath remember mercy.\n"},{"book_id":"HAB","book_name":"Habakkuk","chapter":3,"verse":3,"text":"God came from Teman, and the Holy One from mount Paran. Selah. His glory covered the heavens, and the earth was full of his praise.\n"},{"book_id":"HAB","book_name":"Habakkuk","chapter":3,"verse":4,"text":"And\nhis brightness was as the light; he had horns\ncoming\n out of his hand: and there\nwas the hiding of his power.\n"},{"book_id":"HAB","book_name":"Habakkuk","chapter":3,"verse":5,"text":"Before him went the pestilence, and burning coals went forth at his feet.\n"},{"book_id":"HAB","book_name":"Habakkuk","chapter":3,"verse":6,"text":"He stood, and measured the earth: he beheld, and drove asunder the nations; and the everlasting mountains were scattered, the perpetual hills did bow: his ways\nare everlasting.\n"},{"book_id":"HAB","book_name":"Habakkuk","chapter":3,"verse":7,"text":"I saw the tents of Cushan in affliction:\nand the curtains of the land of Midian did tremble.\n"},{"book_id":"HAB","book_name":"Habakkuk","chapter":3,"verse":8,"text":"Was the LORD displeased against the rivers?\nwas thine anger against the rivers?\nwas thy wrath against the sea, that thou didst ride upon thine horses\nand thy chariots of salvation?\n"},{"book_id":"HAB","book_name":"Habakkuk","chapter":3,"verse":9,"text":"Thy bow was made quite naked,\naccording to the oaths of the tribes,\neven thy word. Selah. Thou didst cleave the earth with rivers.\n"},{"book_id":"HAB","book_name":"Habakkuk","chapter":3,"verse":10,"text":"The mountains saw thee,\nand they trembled: the overflowing of the water passed by: the deep uttered his voice,\nand lifted up his hands on high.\n"},{"book_id":"HAB","book_name":"Habakkuk","chapter":3,"verse":11,"text":"The sun\nand moon stood still in their habitation: at the light of thine arrows they went,\nand at the shining of thy glittering spear.\n"},{"book_id":"HAB","book_name":"Habakkuk","chapter":3,"verse":12,"text":"Thou didst march through the land in indignation, thou didst thresh the heathen in anger.\n"},{"book_id":"HAB","book_name":"Habakkuk","chapter":3,"verse":13,"text":"Thou wentest forth for the salvation of thy people,\neven\n for salvation with thine anointed; thou woundedst the head out of the house of the wicked, by discovering the foundation unto the neck. Selah.\n"},{"book_id":"HAB","book_name":"Habakkuk","chapter":3,"verse":14,"text":"Thou didst strike through with his staves the head of his villages: they came out as a whirlwind to scatter me: their rejoicing\nwas as to devour the poor secretly.\n"},{"book_id":"HAB","book_name":"Habakkuk","chapter":3,"verse":15,"text":"Thou didst walk through the sea with thine horses,\nthrough\n the heap of great waters.\n"},{"book_id":"HAB","book_name":"Habakkuk","chapter":3,"verse":16,"text":"When I heard, my belly trembled; my lips quivered at the voice: rottenness entered into my bones, and I trembled in myself, that I might rest in the day of trouble: when he cometh up unto the people, he will invade them with his troops.\n"},{"book_id":"HAB","book_name":"Habakkuk","chapter":3,"verse":17,"text":"Although the fig tree shall not blossom, neither\nshall fruit\nbe in the vines; the labour of the olive shall fail, and the fields shall yield no meat; the flock shall be cut off from the fold, and\nthere shall be no herd in the stalls:\n"},{"book_id":"HAB","book_name":"Habakkuk","chapter":3,"verse":18,"text":"Yet I will rejoice in the LORD, I will joy in the God of my salvation.\n"},{"book_id":"HAB","book_name":"Habakkuk","chapter":3,"verse":19,"text":"The LORD God\nis my strength, and he will make my feet like hinds’\nfeet, and he will make me to walk upon mine high places. To the chief singer on my stringed instruments.\n"}],"translation_id":"kjv","translation_name":"King James Version","translation_note":"Public Domain"}