{"reference":"Haggai 1,2","verses":[{"book_id":"HAG","book_name":"Haggai","chapter":1,"verse":1,"text":"In the second year of Darius the king, in the sixth month, in the first day of the month, came the word of the LORD by Haggai the prophet unto Zerubbabel the son of Shealtiel, governor of Judah, and to Joshua the son of Josedech, the high priest, saying,\n"},{"book_id":"HAG","book_name":"Haggai","chapter":1,"verse":2,"text":"Thus speaketh the LORD of hosts, saying, This people say, The time is not come, the time that the LORD’S house should be built.\n"},{"book_id":"HAG","book_name":"Haggai","chapter":1,"verse":3,"text":"Then came the word of the LORD by Haggai the prophet, saying,\n"},{"book_id":"HAG","book_name":"Haggai","chapter":1,"verse":4,"text":"Is it time for you, O ye, to dwell in your cieled houses, and this house\nlie waste?\n"},{"book_id":"HAG","book_name":"Haggai","chapter":1,"verse":5,"text":"Now therefore thus saith the LORD of hosts; Consider your ways.\n"},{"book_id":"HAG","book_name":"Haggai","chapter":1,"verse":6,"text":"Ye have sown much, and bring in little; ye eat, but ye have not enough; ye drink, but ye are not filled with drink; ye clothe you, but there is none warm; and he that earneth wages earneth wages\nto put it into a bag with holes.\n"},{"book_id":"HAG","book_name":"Haggai","chapter":1,"verse":7,"text":"Thus saith the LORD of hosts; Consider your ways.\n"},{"book_id":"HAG","book_name":"Haggai","chapter":1,"verse":8,"text":"Go up to the mountain, and bring wood, and build the house; and I will take pleasure in it, and I will be glorified, saith the LORD.\n"},{"book_id":"HAG","book_name":"Haggai","chapter":1,"verse":9,"text":"Ye looked for much, and, lo,\nit came to little; and when ye brought\nit home, I did blow upon it. Why? saith the LORD of hosts. Because of mine house that\nis waste, and ye run every man unto his own house.\n"},{"book_id":"HAG","book_name":"Haggai","chapter":1,"verse":10,"text":"Therefore the heaven over you is stayed from dew, and the earth is stayed\nfrom her fruit.\n"},{"book_id":"HAG","book_name":"Haggai","chapter":1,"verse":11,"text":"And I called for a drought upon the land, and upon the mountains, and upon the corn, and upon the new wine, and upon the oil, and upon\nthat\n which the ground bringeth forth, and upon men, and upon cattle, and upon all the labour of the hands.\n"},{"book_id":"HAG","book_name":"Haggai","chapter":1,"verse":12,"text":"Then Zerubbabel the son of Shealtiel, and Joshua the son of Josedech, the high priest, with all the remnant of the people, obeyed the voice of the LORD their God, and the words of Haggai the prophet, as the LORD their God had sent him, and the people did fear before the LORD.\n"},{"book_id":"HAG","book_name":"Haggai","chapter":1,"verse":13,"text":"Then spake Haggai the LORD’S messenger in the LORD’S message unto the people, saying, I\nam with you, saith the LORD.\n"},{"book_id":"HAG","book_name":"Haggai","chapter":1,"verse":14,"text":"And the LORD stirred up the spirit of Zerubbabel the son of Shealtiel, governor of Judah, and the spirit of Joshua the son of Josedech, the high priest, and the spirit of all the remnant of the people; and they came and did work in the house of the LORD of hosts, their God,\n"},{"book_id":"HAG","book_name":"Haggai","chapter":1,"verse":15,"text":"In the four and twentieth day of the sixth month, in the second year of Darius the king.\n"},{"book_id":"HAG","book_name":"Haggai","chapter":2,"verse":1,"text":"In the seventh\nmonth, in the one and twentieth\nday\n of the month, came the word of the LORD by the prophet Haggai, saying,\n"},{"book_id":"HAG","book_name":"Haggai","chapter":2,"verse":2,"text":"Speak now to Zerubbabel the son of Shealtiel, governor of Judah, and to Joshua the son of Josedech, the high priest, and to the residue of the people, saying,\n"},{"book_id":"HAG","book_name":"Haggai","chapter":2,"verse":3,"text":"Who\nis left among you that saw this house in her first glory? and how do ye see it now?\nis it not in your eyes in comparison of it as nothing?\n"},{"book_id":"HAG","book_name":"Haggai","chapter":2,"verse":4,"text":"Yet now be strong, O Zerubbabel, saith the LORD; and be strong, O Joshua, son of Josedech, the high priest; and be strong, all ye people of the land, saith the LORD, and work: for\nI am with you, saith the LORD of hosts:\n"},{"book_id":"HAG","book_name":"Haggai","chapter":2,"verse":5,"text":"According to the word that I covenanted with you when ye came out of Egypt, so my spirit remaineth among you: fear ye not.\n"},{"book_id":"HAG","book_name":"Haggai","chapter":2,"verse":6,"text":"For thus saith the LORD of hosts; Yet once, it\nis a little while, and I will shake the heavens, and the earth, and the sea, and the dry\nland;\n"},{"book_id":"HAG","book_name":"Haggai","chapter":2,"verse":7,"text":"And I will shake all nations, and the desire of all nations shall come: and I will fill this house with glory, saith the LORD of hosts.\n"},{"book_id":"HAG","book_name":"Haggai","chapter":2,"verse":8,"text":"The silver\nis mine, and the gold\nis mine, saith the LORD of hosts.\n"},{"book_id":"HAG","book_name":"Haggai","chapter":2,"verse":9,"text":"The glory of this latter house shall be greater than of the former, saith the LORD of hosts: and in this place will I give peace, saith the LORD of hosts.\n"},{"book_id":"HAG","book_name":"Haggai","chapter":2,"verse":10,"text":"In the four and twentieth\nday of the ninth\nmonth,\n in the second year of Darius, came the word of the LORD by Haggai the prophet, saying,\n"},{"book_id":"HAG","book_name":"Haggai","chapter":2,"verse":11,"text":"Thus saith the LORD of hosts; Ask now the priests\nconcerning\n the law, saying,\n"},{"book_id":"HAG","book_name":"Haggai","chapter":2,"verse":12,"text":"If one bear holy flesh in the skirt of his garment, and with his skirt do touch bread, or pottage, or wine, or oil, or any meat, shall it be holy? And the priests answered and said, No.\n"},{"book_id":"HAG","book_name":"Haggai","chapter":2,"verse":13,"text":"Then said Haggai, If\none that is unclean by a dead body touch any of these, shall it be unclean? And the priests answered and said, It shall be unclean.\n"},{"book_id":"HAG","book_name":"Haggai","chapter":2,"verse":14,"text":"Then answered Haggai, and said, So\nis this people, and so\nis this nation before me, saith the LORD; and so\nis every work of their hands; and that which they offer there\nis unclean.\n"},{"book_id":"HAG","book_name":"Haggai","chapter":2,"verse":15,"text":"And now, I pray you, consider from this day and upward, from before a stone was laid upon a stone in the temple of the LORD:\n"},{"book_id":"HAG","book_name":"Haggai","chapter":2,"verse":16,"text":"Since those\ndays were, when\none came to an heap of twenty\nmeasures, there were\nbut ten: when\none\n came to the pressfat for to draw out fifty\nvessels out of the press, there were\nbut twenty.\n"},{"book_id":"HAG","book_name":"Haggai","chapter":2,"verse":17,"text":"I smote you with blasting and with mildew and with hail in all the labours of your hands; yet ye\nturned not to me, saith the LORD.\n"},{"book_id":"HAG","book_name":"Haggai","chapter":2,"verse":18,"text":"Consider now from this day and upward, from the four and twentieth day of the ninth\nmonth, even from the day that the foundation of the LORD’S temple was laid, consider\nit.\n"},{"book_id":"HAG","book_name":"Haggai","chapter":2,"verse":19,"text":"Is the seed yet in the barn? yea, as yet the vine, and the fig tree, and the pomegranate, and the olive tree, hath not brought forth: from this day will I bless\nyou."},{"book_id":"HAG","book_name":"Haggai","chapter":2,"verse":20,"text":"And again the word of the LORD came unto Haggai in the four and twentieth\nday of the month, saying,\n"},{"book_id":"HAG","book_name":"Haggai","chapter":2,"verse":21,"text":"Speak to Zerubbabel, governor of Judah, saying, I will shake the heavens and the earth;\n"},{"book_id":"HAG","book_name":"Haggai","chapter":2,"verse":22,"text":"And I will overthrow the throne of kingdoms, and I will destroy the strength of the kingdoms of the heathen; and I will overthrow the chariots, and those that ride in them; and the horses and their riders shall come down, every one by the sword of his brother.\n"},{"book_id":"HAG","book_name":"Haggai","chapter":2,"verse":23,"text":"In that day, saith the LORD of hosts, will I take thee, O Zerubbabel, my servant, the son of Shealtiel, saith the LORD, and will make thee as a signet: for I have chosen thee, saith the LORD of hosts.\n"}],"translation_id":"kjv","translation_name":"King James Version","translation_note":"Public Domain"}