{"reference":"Hosea 1,2,3,4,5,6,7,8,9,10,11,12,13,14","verses":[{"book_id":"HOS","book_name":"Hosea","chapter":1,"verse":1,"text":"The word of the LORD that came unto Hosea, the son of Beeri, in the days of Uzziah, Jotham, Ahaz,\nand Hezekiah, kings of Judah, and in the days of Jeroboam the son of Joash, king of Israel.\n"},{"book_id":"HOS","book_name":"Hosea","chapter":1,"verse":2,"text":"The beginning of the word of the LORD by Hosea. And the LORD said to Hosea, Go, take unto thee a wife of whoredoms and children of whoredoms: for the land hath committed great whoredom,\ndeparting from the LORD.\n"},{"book_id":"HOS","book_name":"Hosea","chapter":1,"verse":3,"text":"So he went and took Gomer the daughter of Diblaim; which conceived, and bare him a son.\n"},{"book_id":"HOS","book_name":"Hosea","chapter":1,"verse":4,"text":"And the LORD said unto him, Call his name Jezreel; for yet a little\nwhile, and I will avenge the blood of Jezreel upon the house of Jehu, and will cause to cease the kingdom of the house of Israel.\n"},{"book_id":"HOS","book_name":"Hosea","chapter":1,"verse":5,"text":"And it shall come to pass at that day, that I will break the bow of Israel in the valley of Jezreel.\n"},{"book_id":"HOS","book_name":"Hosea","chapter":1,"verse":6,"text":"And she conceived again, and bare a daughter. And\nGod said unto him, Call her name Lo-ruhamah: for I will no more have mercy upon the house of Israel; but I will utterly take them away.\n"},{"book_id":"HOS","book_name":"Hosea","chapter":1,"verse":7,"text":"But I will have mercy upon the house of Judah, and will save them by the LORD their God, and will not save them by bow, nor by sword, nor by battle, by horses, nor by horsemen.\n"},{"book_id":"HOS","book_name":"Hosea","chapter":1,"verse":8,"text":"Now when she had weaned Lo-ruhamah, she conceived, and bare a son.\n"},{"book_id":"HOS","book_name":"Hosea","chapter":1,"verse":9,"text":"Then said\nGod, Call his name Lo-ammi: for ye\nare\n not my people, and I will not be your\nGod."},{"book_id":"HOS","book_name":"Hosea","chapter":1,"verse":10,"text":"Yet the number of the children of Israel shall be as the sand of the sea, which cannot be measured nor numbered; and it shall come to pass,\nthat in the place where it was said unto them, Ye\nare\n not my people,\nthere it shall be said unto them,\nYe are\n the sons of the living God.\n"},{"book_id":"HOS","book_name":"Hosea","chapter":1,"verse":11,"text":"Then shall the children of Judah and the children of Israel be gathered together, and appoint themselves one head, and they shall come up out of the land: for great\nshall be the day of Jezreel.\n"},{"book_id":"HOS","book_name":"Hosea","chapter":2,"verse":1,"text":"Say ye unto your brethren, Ammi; and to your sisters, Ru-hamah.\n"},{"book_id":"HOS","book_name":"Hosea","chapter":2,"verse":2,"text":"Plead with your mother, plead: for she\nis not my wife, neither\nam I her husband: let her therefore put away her whoredoms out of her sight, and her adulteries from between her breasts;\n"},{"book_id":"HOS","book_name":"Hosea","chapter":2,"verse":3,"text":"Lest I strip her naked, and set her as in the day that she was born, and make her as a wilderness, and set her like a dry land, and slay her with thirst.\n"},{"book_id":"HOS","book_name":"Hosea","chapter":2,"verse":4,"text":"And I will not have mercy upon her children; for they\nbe the children of whoredoms.\n"},{"book_id":"HOS","book_name":"Hosea","chapter":2,"verse":5,"text":"For their mother hath played the harlot: she that conceived them hath done shamefully: for she said, I will go after my lovers, that give\nme my bread and my water, my wool and my flax, mine oil and my drink.\n"},{"book_id":"HOS","book_name":"Hosea","chapter":2,"verse":6,"text":"Therefore, behold, I will hedge up thy way with thorns, and make a wall, that she shall not find her paths.\n"},{"book_id":"HOS","book_name":"Hosea","chapter":2,"verse":7,"text":"And she shall follow after her lovers, but she shall not overtake them; and she shall seek them, but shall not find\nthem: then shall she say, I will go and return to my first husband; for then\nwas it\n better with me than now.\n"},{"book_id":"HOS","book_name":"Hosea","chapter":2,"verse":8,"text":"For she did not know that I gave her corn, and wine, and oil, and multiplied her silver and gold,\nwhich they prepared for Baal.\n"},{"book_id":"HOS","book_name":"Hosea","chapter":2,"verse":9,"text":"Therefore will I return, and take away my corn in the time thereof, and my wine in the season thereof, and will recover my wool and my flax\ngiven to cover her nakedness.\n"},{"book_id":"HOS","book_name":"Hosea","chapter":2,"verse":10,"text":"And now will I discover her lewdness in the sight of her lovers, and none shall deliver her out of mine hand.\n"},{"book_id":"HOS","book_name":"Hosea","chapter":2,"verse":11,"text":"I will also cause all her mirth to cease, her feast days, her new moons, and her sabbaths, and all her solemn feasts.\n"},{"book_id":"HOS","book_name":"Hosea","chapter":2,"verse":12,"text":"And I will destroy her vines and her fig trees, whereof she hath said, These\nare my rewards that my lovers have given me: and I will make them a forest, and the beasts of the field shall eat them.\n"},{"book_id":"HOS","book_name":"Hosea","chapter":2,"verse":13,"text":"And I will visit upon her the days of Baalim, wherein she burned incense to them, and she decked herself with her earrings and her jewels, and she went after her lovers, and forgat me, saith the LORD.\n"},{"book_id":"HOS","book_name":"Hosea","chapter":2,"verse":14,"text":"Therefore, behold, I will allure her, and bring her into the wilderness, and speak comfortably unto her.\n"},{"book_id":"HOS","book_name":"Hosea","chapter":2,"verse":15,"text":"And I will give her her vineyards from thence, and the valley of Achor for a door of hope: and she shall sing there, as in the days of her youth, and as in the day when she came up out of the land of Egypt.\n"},{"book_id":"HOS","book_name":"Hosea","chapter":2,"verse":16,"text":"And it shall be at that day, saith the LORD,\nthat thou shalt call me Ishi; and shalt call me no more Baali.\n"},{"book_id":"HOS","book_name":"Hosea","chapter":2,"verse":17,"text":"For I will take away the names of Baalim out of her mouth, and they shall no more be remembered by their name.\n"},{"book_id":"HOS","book_name":"Hosea","chapter":2,"verse":18,"text":"And in that day will I make a covenant for them with the beasts of the field, and with the fowls of heaven, and\nwith the creeping things of the ground: and I will break the bow and the sword and the battle out of the earth, and will make them to lie down safely.\n"},{"book_id":"HOS","book_name":"Hosea","chapter":2,"verse":19,"text":"And I will betroth thee unto me for ever; yea, I will betroth thee unto me in righteousness, and in judgment, and in lovingkindness, and in mercies.\n"},{"book_id":"HOS","book_name":"Hosea","chapter":2,"verse":20,"text":"I will even betroth thee unto me in faithfulness: and thou shalt know the LORD.\n"},{"book_id":"HOS","book_name":"Hosea","chapter":2,"verse":21,"text":"And it shall come to pass in that day, I will hear, saith the LORD, I will hear the heavens, and they shall hear the earth;\n"},{"book_id":"HOS","book_name":"Hosea","chapter":2,"verse":22,"text":"And the earth shall hear the corn, and the wine, and the oil; and they shall hear Jezreel.\n"},{"book_id":"HOS","book_name":"Hosea","chapter":2,"verse":23,"text":"And I will sow her unto me in the earth; and I will have mercy upon her that had not obtained mercy; and I will say to\nthem which were\n not my people, Thou\nart my people; and they shall say,\nThou art my God.\n"},{"book_id":"HOS","book_name":"Hosea","chapter":3,"verse":1,"text":"Then said the LORD unto me, Go yet, love a woman beloved of\nher\n friend, yet an adulteress, according to the love of the LORD toward the children of Israel, who look to other gods, and love flagons of wine.\n"},{"book_id":"HOS","book_name":"Hosea","chapter":3,"verse":2,"text":"So I bought her to me for fifteen\npieces of silver, and\nfor an homer of barley, and an half homer of barley:\n"},{"book_id":"HOS","book_name":"Hosea","chapter":3,"verse":3,"text":"And I said unto her, Thou shalt abide for me many days; thou shalt not play the harlot, and thou shalt not be for\nanother man: so\nwill I also\nbe for thee.\n"},{"book_id":"HOS","book_name":"Hosea","chapter":3,"verse":4,"text":"For the children of Israel shall abide many days without a king, and without a prince, and without a sacrifice, and without an image, and without an ephod, and\nwithout teraphim:\n"},{"book_id":"HOS","book_name":"Hosea","chapter":3,"verse":5,"text":"Afterward shall the children of Israel return, and seek the LORD their God, and David their king; and shall fear the LORD and his goodness in the latter days.\n"},{"book_id":"HOS","book_name":"Hosea","chapter":4,"verse":1,"text":"Hear the word of the LORD, ye children of Israel: for the LORD hath a controversy with the inhabitants of the land, because\nthere is\n no truth, nor mercy, nor knowledge of God in the land.\n"},{"book_id":"HOS","book_name":"Hosea","chapter":4,"verse":2,"text":"By swearing, and lying, and killing, and stealing, and committing adultery, they break out, and blood toucheth blood.\n"},{"book_id":"HOS","book_name":"Hosea","chapter":4,"verse":3,"text":"Therefore shall the land mourn, and every one that dwelleth therein shall languish, with the beasts of the field, and with the fowls of heaven; yea, the fishes of the sea also shall be taken away.\n"},{"book_id":"HOS","book_name":"Hosea","chapter":4,"verse":4,"text":"Yet let no man strive, nor reprove another: for thy people\nare\n as they that strive with the priest.\n"},{"book_id":"HOS","book_name":"Hosea","chapter":4,"verse":5,"text":"Therefore shalt thou fall in the day, and the prophet also shall fall with thee in the night, and I will destroy thy mother.\n"},{"book_id":"HOS","book_name":"Hosea","chapter":4,"verse":6,"text":"My people are destroyed for lack of knowledge: because thou hast rejected knowledge, I will also reject thee, that thou shalt be no priest to me: seeing thou hast forgotten the law of thy God, I will also forget thy children.\n"},{"book_id":"HOS","book_name":"Hosea","chapter":4,"verse":7,"text":"As they were increased, so they sinned against me:\ntherefore\n will I change their glory into shame.\n"},{"book_id":"HOS","book_name":"Hosea","chapter":4,"verse":8,"text":"They eat up the sin of my people, and they set their heart on their iniquity.\n"},{"book_id":"HOS","book_name":"Hosea","chapter":4,"verse":9,"text":"And there shall be, like people, like priest: and I will punish them for their ways, and reward them their doings.\n"},{"book_id":"HOS","book_name":"Hosea","chapter":4,"verse":10,"text":"For they shall eat, and not have enough: they shall commit whoredom, and shall not increase: because they have left off to take heed to the LORD.\n"},{"book_id":"HOS","book_name":"Hosea","chapter":4,"verse":11,"text":"Whoredom and wine and new wine take away the heart.\n"},{"book_id":"HOS","book_name":"Hosea","chapter":4,"verse":12,"text":"My people ask counsel at their stocks, and their staff declareth unto them: for the spirit of whoredoms hath caused\nthem to err, and they have gone a whoring from under their God.\n"},{"book_id":"HOS","book_name":"Hosea","chapter":4,"verse":13,"text":"They sacrifice upon the tops of the mountains, and burn incense upon the hills, under oaks and poplars and elms, because the shadow thereof\nis\n good: therefore your daughters shall commit whoredom, and your spouses shall commit adultery.\n"},{"book_id":"HOS","book_name":"Hosea","chapter":4,"verse":14,"text":"I will not punish your daughters when they commit whoredom, nor your spouses when they commit adultery: for themselves are separated with whores, and they sacrifice with harlots: therefore the people\nthat doth not understand shall fall.\n"},{"book_id":"HOS","book_name":"Hosea","chapter":4,"verse":15,"text":"Though thou, Israel, play the harlot,\nyet let not Judah offend; and come not ye unto Gilgal, neither go ye up to Beth-aven, nor swear, The LORD liveth.\n"},{"book_id":"HOS","book_name":"Hosea","chapter":4,"verse":16,"text":"For Israel slideth back as a backsliding heifer: now the LORD will feed them as a lamb in a large place.\n"},{"book_id":"HOS","book_name":"Hosea","chapter":4,"verse":17,"text":"Ephraim\nis joined to idols: let him alone.\n"},{"book_id":"HOS","book_name":"Hosea","chapter":4,"verse":18,"text":"Their drink is sour: they have committed whoredom continually: her rulers\nwith shame do love, Give ye.\n"},{"book_id":"HOS","book_name":"Hosea","chapter":4,"verse":19,"text":"The wind hath bound her up in her wings, and they shall be ashamed because of their sacrifices.\n"},{"book_id":"HOS","book_name":"Hosea","chapter":5,"verse":1,"text":"Hear ye this, O priests; and hearken, ye house of Israel; and give ye ear, O house of the king; for judgment\nis toward you, because ye have been a snare on Mizpah, and a net spread upon Tabor.\n"},{"book_id":"HOS","book_name":"Hosea","chapter":5,"verse":2,"text":"And the revolters are profound to make slaughter, though I\nhave been a rebuker of them all.\n"},{"book_id":"HOS","book_name":"Hosea","chapter":5,"verse":3,"text":"I know Ephraim, and Israel is not hid from me: for now, O Ephraim, thou committest whoredom,\nand Israel is defiled.\n"},{"book_id":"HOS","book_name":"Hosea","chapter":5,"verse":4,"text":"They will not frame their doings to turn unto their God: for the spirit of whoredoms\nis in the midst of them, and they have not known the LORD.\n"},{"book_id":"HOS","book_name":"Hosea","chapter":5,"verse":5,"text":"And the pride of Israel doth testify to his face: therefore shall Israel and Ephraim fall in their iniquity; Judah also shall fall with them.\n"},{"book_id":"HOS","book_name":"Hosea","chapter":5,"verse":6,"text":"They shall go with their flocks and with their herds to seek the LORD; but they shall not find\nhim; he hath withdrawn himself from them.\n"},{"book_id":"HOS","book_name":"Hosea","chapter":5,"verse":7,"text":"They have dealt treacherously against the LORD: for they have begotten strange children: now shall a month devour them with their portions.\n"},{"book_id":"HOS","book_name":"Hosea","chapter":5,"verse":8,"text":"Blow ye the cornet in Gibeah,\nand the trumpet in Ramah: cry aloud\nat Beth-aven, after thee, O Benjamin.\n"},{"book_id":"HOS","book_name":"Hosea","chapter":5,"verse":9,"text":"Ephraim shall be desolate in the day of rebuke: among the tribes of Israel have I made known that which shall surely be.\n"},{"book_id":"HOS","book_name":"Hosea","chapter":5,"verse":10,"text":"The princes of Judah were like them that remove the bound:\ntherefore\n I will pour out my wrath upon them like water.\n"},{"book_id":"HOS","book_name":"Hosea","chapter":5,"verse":11,"text":"Ephraim\nis oppressed\nand broken in judgment, because he willingly walked after the commandment.\n"},{"book_id":"HOS","book_name":"Hosea","chapter":5,"verse":12,"text":"Therefore\nwill I\nbe unto Ephraim as a moth, and to the house of Judah as rottenness.\n"},{"book_id":"HOS","book_name":"Hosea","chapter":5,"verse":13,"text":"When Ephraim saw his sickness, and Judah\nsaw his wound, then went Ephraim to the Assyrian, and sent to king Jareb: yet could he not heal you, nor cure you of your wound.\n"},{"book_id":"HOS","book_name":"Hosea","chapter":5,"verse":14,"text":"For I will\nbe unto Ephraim as a lion, and as a young lion to the house of Judah: I,\neven I, will tear and go away; I will take away, and none shall rescue\nhim."},{"book_id":"HOS","book_name":"Hosea","chapter":5,"verse":15,"text":"I will go\nand return to my place, till they acknowledge their offence, and seek my face: in their affliction they will seek me early.\n"},{"book_id":"HOS","book_name":"Hosea","chapter":6,"verse":1,"text":"Come, and let us return unto the LORD: for he hath torn, and he will heal us; he hath smitten, and he will bind us up.\n"},{"book_id":"HOS","book_name":"Hosea","chapter":6,"verse":2,"text":"After two days will he revive us: in the third day he will raise us up, and we shall live in his sight.\n"},{"book_id":"HOS","book_name":"Hosea","chapter":6,"verse":3,"text":"Then shall we know,\nif we follow on to know the LORD: his going forth is prepared as the morning; and he shall come unto us as the rain, as the latter\nand former rain unto the earth.\n"},{"book_id":"HOS","book_name":"Hosea","chapter":6,"verse":4,"text":"O Ephraim, what shall I do unto thee? O Judah, what shall I do unto thee? for your goodness\nis as a morning cloud, and as the early dew it goeth away.\n"},{"book_id":"HOS","book_name":"Hosea","chapter":6,"verse":5,"text":"Therefore have I hewed\nthem by the prophets; I have slain them by the words of my mouth: and thy judgments\nare as the light\nthat goeth forth.\n"},{"book_id":"HOS","book_name":"Hosea","chapter":6,"verse":6,"text":"For I desired mercy, and not sacrifice; and the knowledge of God more than burnt offerings.\n"},{"book_id":"HOS","book_name":"Hosea","chapter":6,"verse":7,"text":"But they like men have transgressed the covenant: there have they dealt treacherously against me.\n"},{"book_id":"HOS","book_name":"Hosea","chapter":6,"verse":8,"text":"Gilead\nis a city of them that work iniquity,\nand is\n polluted with blood.\n"},{"book_id":"HOS","book_name":"Hosea","chapter":6,"verse":9,"text":"And as troops of robbers wait for a man,\nso the company of priests murder in the way by consent: for they commit lewdness.\n"},{"book_id":"HOS","book_name":"Hosea","chapter":6,"verse":10,"text":"I have seen an horrible thing in the house of Israel: there\nis\n the whoredom of Ephraim, Israel is defiled.\n"},{"book_id":"HOS","book_name":"Hosea","chapter":6,"verse":11,"text":"Also, O Judah, he hath set an harvest for thee, when I returned the captivity of my people.\n"},{"book_id":"HOS","book_name":"Hosea","chapter":7,"verse":1,"text":"When I would have healed Israel, then the iniquity of Ephraim was discovered, and the wickedness of Samaria: for they commit falsehood; and the thief cometh in,\nand the troop of robbers spoileth without.\n"},{"book_id":"HOS","book_name":"Hosea","chapter":7,"verse":2,"text":"And they consider not in their hearts\nthat I remember all their wickedness: now their own doings have beset them about; they are before my face.\n"},{"book_id":"HOS","book_name":"Hosea","chapter":7,"verse":3,"text":"They make the king glad with their wickedness, and the princes with their lies.\n"},{"book_id":"HOS","book_name":"Hosea","chapter":7,"verse":4,"text":"They\nare all adulterers, as an oven heated by the baker,\nwho ceaseth from raising after he hath kneaded the dough, until it be leavened.\n"},{"book_id":"HOS","book_name":"Hosea","chapter":7,"verse":5,"text":"In the day of our king the princes have made\nhim sick with bottles of wine; he stretched out his hand with scorners.\n"},{"book_id":"HOS","book_name":"Hosea","chapter":7,"verse":6,"text":"For they have made ready their heart like an oven, whiles they lie in wait: their baker sleepeth all the night; in the morning it burneth as a flaming fire.\n"},{"book_id":"HOS","book_name":"Hosea","chapter":7,"verse":7,"text":"They are all hot as an oven, and have devoured their judges; all their kings are fallen:\nthere is none among them that calleth unto me.\n"},{"book_id":"HOS","book_name":"Hosea","chapter":7,"verse":8,"text":"Ephraim, he hath mixed himself among the people; Ephraim is a cake not turned.\n"},{"book_id":"HOS","book_name":"Hosea","chapter":7,"verse":9,"text":"Strangers have devoured his strength, and he knoweth\nit not: yea, gray hairs are here and there upon him, yet he knoweth not.\n"},{"book_id":"HOS","book_name":"Hosea","chapter":7,"verse":10,"text":"And the pride of Israel testifieth to his face: and they do not return to the LORD their God, nor seek him for all this.\n"},{"book_id":"HOS","book_name":"Hosea","chapter":7,"verse":11,"text":"Ephraim also is like a silly dove without heart: they call to Egypt, they go to Assyria.\n"},{"book_id":"HOS","book_name":"Hosea","chapter":7,"verse":12,"text":"When they shall go, I will spread my net upon them; I will bring them down as the fowls of the heaven; I will chastise them, as their congregation hath heard.\n"},{"book_id":"HOS","book_name":"Hosea","chapter":7,"verse":13,"text":"Woe unto them! for they have fled from me: destruction unto them! because they have transgressed against me: though I have redeemed them, yet they have spoken lies against me.\n"},{"book_id":"HOS","book_name":"Hosea","chapter":7,"verse":14,"text":"And they have not cried unto me with their heart, when they howled upon their beds: they assemble themselves for corn and wine,\nand they rebel against me.\n"},{"book_id":"HOS","book_name":"Hosea","chapter":7,"verse":15,"text":"Though I have bound\nand strengthened their arms, yet do they imagine mischief against me.\n"},{"book_id":"HOS","book_name":"Hosea","chapter":7,"verse":16,"text":"They return,\nbut not to the most High: they are like a deceitful bow: their princes shall fall by the sword for the rage of their tongue: this\nshall be their derision in the land of Egypt.\n"},{"book_id":"HOS","book_name":"Hosea","chapter":8,"verse":1,"text":"          Set the trumpet to thy mouth.\nHe shall come as an eagle against the house of the LORD, because they have transgressed my covenant, and trespassed against my law.\n"},{"book_id":"HOS","book_name":"Hosea","chapter":8,"verse":2,"text":"Israel shall cry unto me, My God, we know thee.\n"},{"book_id":"HOS","book_name":"Hosea","chapter":8,"verse":3,"text":"Israel hath cast off\nthe thing that is good: the enemy shall pursue him.\n"},{"book_id":"HOS","book_name":"Hosea","chapter":8,"verse":4,"text":"They have set up kings, but not by me: they have made princes, and I knew\nit not: of their silver and their gold have they made them idols, that they may be cut off.\n"},{"book_id":"HOS","book_name":"Hosea","chapter":8,"verse":5,"text":"Thy calf, O Samaria, hath cast\nthee off; mine anger is kindled against them: how long\nwill it be ere they attain to innocency?\n"},{"book_id":"HOS","book_name":"Hosea","chapter":8,"verse":6,"text":"For from Israel\nwas it also: the workman made it; therefore it\nis not God: but the calf of Samaria shall be broken in pieces.\n"},{"book_id":"HOS","book_name":"Hosea","chapter":8,"verse":7,"text":"For they have sown the wind, and they shall reap the whirlwind: it hath no stalk: the bud shall yield no meal: if so be it yield, the strangers shall swallow it up.\n"},{"book_id":"HOS","book_name":"Hosea","chapter":8,"verse":8,"text":"Israel is swallowed up: now shall they be among the Gentiles as a vessel wherein\nis no pleasure.\n"},{"book_id":"HOS","book_name":"Hosea","chapter":8,"verse":9,"text":"For they are gone up to Assyria, a wild ass alone by himself: Ephraim hath hired lovers.\n"},{"book_id":"HOS","book_name":"Hosea","chapter":8,"verse":10,"text":"Yea, though they have hired among the nations, now will I gather them, and they shall sorrow a little for the burden of the king of princes.\n"},{"book_id":"HOS","book_name":"Hosea","chapter":8,"verse":11,"text":"Because Ephraim hath made many altars to sin, altars shall be unto him to sin.\n"},{"book_id":"HOS","book_name":"Hosea","chapter":8,"verse":12,"text":"I have written to him the great things of my law,\nbut they were counted as a strange thing.\n"},{"book_id":"HOS","book_name":"Hosea","chapter":8,"verse":13,"text":"They sacrifice flesh\nfor the sacrifices of mine offerings, and\neat it; but the LORD accepteth them not; now will he remember their iniquity, and visit their sins: they shall return to Egypt.\n"},{"book_id":"HOS","book_name":"Hosea","chapter":8,"verse":14,"text":"For Israel hath forgotten his Maker, and buildeth temples; and Judah hath multiplied fenced cities: but I will send a fire upon his cities, and it shall devour the palaces thereof.\n"},{"book_id":"HOS","book_name":"Hosea","chapter":9,"verse":1,"text":"Rejoice not, O Israel, for joy, as\nother people: for thou hast gone a whoring from thy God, thou hast loved a reward upon every cornfloor.\n"},{"book_id":"HOS","book_name":"Hosea","chapter":9,"verse":2,"text":"The floor and the winepress shall not feed them, and the new wine shall fail in her.\n"},{"book_id":"HOS","book_name":"Hosea","chapter":9,"verse":3,"text":"They shall not dwell in the LORD’S land; but Ephraim shall return to Egypt, and they shall eat unclean\nthings in Assyria.\n"},{"book_id":"HOS","book_name":"Hosea","chapter":9,"verse":4,"text":"They shall not offer wine\nofferings to the LORD, neither shall they be pleasing unto him: their sacrifices\nshall be unto them as the bread of mourners; all that eat thereof shall be polluted: for their bread for their soul shall not come into the house of the LORD.\n"},{"book_id":"HOS","book_name":"Hosea","chapter":9,"verse":5,"text":"What will ye do in the solemn day, and in the day of the feast of the LORD?\n"},{"book_id":"HOS","book_name":"Hosea","chapter":9,"verse":6,"text":"For, lo, they are gone because of destruction: Egypt shall gather them up, Memphis shall bury them: the pleasant\nplaces for their silver, nettles shall possess them: thorns\nshall be in their tabernacles.\n"},{"book_id":"HOS","book_name":"Hosea","chapter":9,"verse":7,"text":"The days of visitation are come, the days of recompence are come; Israel shall know\nit: the prophet\nis a fool, the spiritual man\nis mad, for the multitude of thine iniquity, and the great hatred.\n"},{"book_id":"HOS","book_name":"Hosea","chapter":9,"verse":8,"text":"The watchman of Ephraim\nwas with my God:\nbut the prophet\nis a snare of a fowler in all his ways,\nand hatred in the house of his God.\n"},{"book_id":"HOS","book_name":"Hosea","chapter":9,"verse":9,"text":"They have deeply corrupted\nthemselves, as in the days of Gibeah:\ntherefore he will remember their iniquity, he will visit their sins.\n"},{"book_id":"HOS","book_name":"Hosea","chapter":9,"verse":10,"text":"I found Israel like grapes in the wilderness; I saw your fathers as the firstripe in the fig tree at her first time:\nbut they went to Baal-peor, and separated themselves unto\nthat shame; and\ntheir\n abominations were according as they loved.\n"},{"book_id":"HOS","book_name":"Hosea","chapter":9,"verse":11,"text":"As for Ephraim, their glory shall fly away like a bird, from the birth, and from the womb, and from the conception.\n"},{"book_id":"HOS","book_name":"Hosea","chapter":9,"verse":12,"text":"Though they bring up their children, yet will I bereave them,\nthat there shall not\nbe a man\nleft: yea, woe also to them when I depart from them!\n"},{"book_id":"HOS","book_name":"Hosea","chapter":9,"verse":13,"text":"Ephraim, as I saw Tyrus,\nis planted in a pleasant place: but Ephraim shall bring forth his children to the murderer.\n"},{"book_id":"HOS","book_name":"Hosea","chapter":9,"verse":14,"text":"Give them, O LORD: what wilt thou give? give them a miscarrying womb and dry breasts.\n"},{"book_id":"HOS","book_name":"Hosea","chapter":9,"verse":15,"text":"All their wickedness\nis in Gilgal: for there I hated them: for the wickedness of their doings I will drive them out of mine house, I will love them no more: all their princes\nare revolters.\n"},{"book_id":"HOS","book_name":"Hosea","chapter":9,"verse":16,"text":"Ephraim is smitten, their root is dried up, they shall bear no fruit: yea, though they bring forth, yet will I slay\neven the beloved\nfruit of their womb.\n"},{"book_id":"HOS","book_name":"Hosea","chapter":9,"verse":17,"text":"My God will cast them away, because they did not hearken unto him: and they shall be wanderers among the nations.\n"},{"book_id":"HOS","book_name":"Hosea","chapter":10,"verse":1,"text":"Israel\nis an empty vine, he bringeth forth fruit unto himself: according to the multitude of his fruit he hath increased the altars; according to the goodness of his land they have made goodly images.\n"},{"book_id":"HOS","book_name":"Hosea","chapter":10,"verse":2,"text":"Their heart is divided; now shall they be found faulty: he shall break down their altars, he shall spoil their images.\n"},{"book_id":"HOS","book_name":"Hosea","chapter":10,"verse":3,"text":"For now they shall say, We have no king, because we feared not the LORD; what then should a king do to us?\n"},{"book_id":"HOS","book_name":"Hosea","chapter":10,"verse":4,"text":"They have spoken words, swearing falsely in making a covenant: thus judgment springeth up as hemlock in the furrows of the field.\n"},{"book_id":"HOS","book_name":"Hosea","chapter":10,"verse":5,"text":"The inhabitants of Samaria shall fear because of the calves of Beth-aven: for the people thereof shall mourn over it, and the priests thereof\nthat rejoiced on it, for the glory thereof, because it is departed from it.\n"},{"book_id":"HOS","book_name":"Hosea","chapter":10,"verse":6,"text":"It shall be also carried unto Assyria\nfor a present to king Jareb: Ephraim shall receive shame, and Israel shall be ashamed of his own counsel.\n"},{"book_id":"HOS","book_name":"Hosea","chapter":10,"verse":7,"text":"As for Samaria, her king is cut off as the foam upon the water.\n"},{"book_id":"HOS","book_name":"Hosea","chapter":10,"verse":8,"text":"The high places also of Aven, the sin of Israel, shall be destroyed: the thorn and the thistle shall come up on their altars; and they shall say to the mountains, Cover us; and to the hills, Fall on us.\n"},{"book_id":"HOS","book_name":"Hosea","chapter":10,"verse":9,"text":"O Israel, thou hast sinned from the days of Gibeah: there they stood: the battle in Gibeah against the children of iniquity did not overtake them.\n"},{"book_id":"HOS","book_name":"Hosea","chapter":10,"verse":10,"text":"It is in my desire that I should chastise them; and the people shall be gathered against them, when they shall bind themselves in their two furrows.\n"},{"book_id":"HOS","book_name":"Hosea","chapter":10,"verse":11,"text":"And Ephraim\nis as an heifer\nthat is taught,\nand loveth to tread out\nthe corn; but I passed over upon her fair neck: I will make Ephraim to ride; Judah shall plow,\nand\n Jacob shall break his clods.\n"},{"book_id":"HOS","book_name":"Hosea","chapter":10,"verse":12,"text":"Sow to yourselves in righteousness, reap in mercy; break up your fallow ground: for\nit is time to seek the LORD, till he come and rain righteousness upon you.\n"},{"book_id":"HOS","book_name":"Hosea","chapter":10,"verse":13,"text":"Ye have plowed wickedness, ye have reaped iniquity; ye have eaten the fruit of lies: because thou didst trust in thy way, in the multitude of thy mighty men.\n"},{"book_id":"HOS","book_name":"Hosea","chapter":10,"verse":14,"text":"Therefore shall a tumult arise among thy people, and all thy fortresses shall be spoiled, as Shalman spoiled Beth-arbel in the day of battle: the mother was dashed in pieces upon\nher children.\n"},{"book_id":"HOS","book_name":"Hosea","chapter":10,"verse":15,"text":"So shall Bethel do unto you because of your great wickedness: in a morning shall the king of Israel utterly be cut off.\n"},{"book_id":"HOS","book_name":"Hosea","chapter":11,"verse":1,"text":"When Israel\nwas a child, then I loved him, and called my son out of Egypt.\n"},{"book_id":"HOS","book_name":"Hosea","chapter":11,"verse":2,"text":"As they called them, so they went from them: they sacrificed unto Baalim, and burned incense to graven images.\n"},{"book_id":"HOS","book_name":"Hosea","chapter":11,"verse":3,"text":"I taught Ephraim also to go, taking them by their arms; but they knew not that I healed them.\n"},{"book_id":"HOS","book_name":"Hosea","chapter":11,"verse":4,"text":"I drew them with cords of a man, with bands of love: and I was to them as they that take off the yoke on their jaws, and I laid meat unto them.\n"},{"book_id":"HOS","book_name":"Hosea","chapter":11,"verse":5,"text":"He shall not return into the land of Egypt, but the Assyrian shall be his king, because they refused to return.\n"},{"book_id":"HOS","book_name":"Hosea","chapter":11,"verse":6,"text":"And the sword shall abide on his cities, and shall consume his branches, and devour\nthem, because of their own counsels.\n"},{"book_id":"HOS","book_name":"Hosea","chapter":11,"verse":7,"text":"And my people are bent to backsliding from me: though they called them to the most High, none at all would exalt\nhim.\n"},{"book_id":"HOS","book_name":"Hosea","chapter":11,"verse":8,"text":"How shall I give thee up, Ephraim?\nhow shall I deliver thee, Israel? how shall I make thee as Admah?\nhow shall I set thee as Zeboim? mine heart is turned within me, my repentings are kindled together.\n"},{"book_id":"HOS","book_name":"Hosea","chapter":11,"verse":9,"text":"I will not execute the fierceness of mine anger, I will not return to destroy Ephraim: for I\nam God, and not man; the Holy One in the midst of thee: and I will not enter into the city.\n"},{"book_id":"HOS","book_name":"Hosea","chapter":11,"verse":10,"text":"They shall walk after the LORD: he shall roar like a lion: when he shall roar, then the children shall tremble from the west.\n"},{"book_id":"HOS","book_name":"Hosea","chapter":11,"verse":11,"text":"They shall tremble as a bird out of Egypt, and as a dove out of the land of Assyria: and I will place them in their houses, saith the LORD.\n"},{"book_id":"HOS","book_name":"Hosea","chapter":11,"verse":12,"text":"Ephraim compasseth me about with lies, and the house of Israel with deceit: but Judah yet ruleth with God, and is faithful with the saints.\n"},{"book_id":"HOS","book_name":"Hosea","chapter":12,"verse":1,"text":"Ephraim feedeth on wind, and followeth after the east wind: he daily increaseth lies and desolation; and they do make a covenant with the Assyrians, and oil is carried into Egypt.\n"},{"book_id":"HOS","book_name":"Hosea","chapter":12,"verse":2,"text":"The LORD hath also a controversy with Judah, and will punish Jacob according to his ways; according to his doings will he recompense him.\n"},{"book_id":"HOS","book_name":"Hosea","chapter":12,"verse":3,"text":"He took his brother by the heel in the womb, and by his strength he had power with God:\n"},{"book_id":"HOS","book_name":"Hosea","chapter":12,"verse":4,"text":"Yea, he had power over the angel, and prevailed: he wept, and made supplication unto him: he found him\nin Bethel, and there he spake with us;\n"},{"book_id":"HOS","book_name":"Hosea","chapter":12,"verse":5,"text":"Even the LORD God of hosts; the LORD\nis his memorial.\n"},{"book_id":"HOS","book_name":"Hosea","chapter":12,"verse":6,"text":"Therefore turn thou to thy God: keep mercy and judgment, and wait on thy God continually.\n"},{"book_id":"HOS","book_name":"Hosea","chapter":12,"verse":7,"text":"          He is a merchant, the balances of deceit\nare in his hand: he loveth to oppress.\n"},{"book_id":"HOS","book_name":"Hosea","chapter":12,"verse":8,"text":"And Ephraim said, Yet I am become rich, I have found me out substance:\nin all my labours they shall find none iniquity in me that\nwere sin.\n"},{"book_id":"HOS","book_name":"Hosea","chapter":12,"verse":9,"text":"And I\nthat am the LORD thy God from the land of Egypt will yet make thee to dwell in tabernacles, as in the days of the solemn feast.\n"},{"book_id":"HOS","book_name":"Hosea","chapter":12,"verse":10,"text":"I have also spoken by the prophets, and I have multiplied visions, and used similitudes, by the ministry of the prophets.\n"},{"book_id":"HOS","book_name":"Hosea","chapter":12,"verse":11,"text":"Is there iniquity\nin Gilead? surely they are vanity: they sacrifice bullocks in Gilgal; yea, their altars\nare as heaps in the furrows of the fields.\n"},{"book_id":"HOS","book_name":"Hosea","chapter":12,"verse":12,"text":"And Jacob fled into the country of Syria, and Israel served for a wife, and for a wife he kept\nsheep.\n"},{"book_id":"HOS","book_name":"Hosea","chapter":12,"verse":13,"text":"And by a prophet the LORD brought Israel out of Egypt, and by a prophet was he preserved.\n"},{"book_id":"HOS","book_name":"Hosea","chapter":12,"verse":14,"text":"Ephraim provoked\nhim to anger most bitterly: therefore shall he leave his blood upon him, and his reproach shall his Lord return unto him.\n"},{"book_id":"HOS","book_name":"Hosea","chapter":13,"verse":1,"text":"When Ephraim spake trembling, he exalted himself in Israel; but when he offended in Baal, he died.\n"},{"book_id":"HOS","book_name":"Hosea","chapter":13,"verse":2,"text":"And now they sin more and more, and have made them molten images of their silver,\nand idols according to their own understanding, all of it the work of the craftsmen: they say of them, Let the men that sacrifice kiss the calves.\n"},{"book_id":"HOS","book_name":"Hosea","chapter":13,"verse":3,"text":"Therefore they shall be as the morning cloud, and as the early dew that passeth away, as the chaff\nthat is driven with the whirlwind out of the floor, and as the smoke out of the chimney.\n"},{"book_id":"HOS","book_name":"Hosea","chapter":13,"verse":4,"text":"Yet I\nam the LORD thy God from the land of Egypt, and thou shalt know no god but me: for\nthere is no saviour beside me.\n"},{"book_id":"HOS","book_name":"Hosea","chapter":13,"verse":5,"text":"I did know thee in the wilderness, in the land of great drought.\n"},{"book_id":"HOS","book_name":"Hosea","chapter":13,"verse":6,"text":"According to their pasture, so were they filled; they were filled, and their heart was exalted; therefore have they forgotten me.\n"},{"book_id":"HOS","book_name":"Hosea","chapter":13,"verse":7,"text":"Therefore I will be unto them as a lion: as a leopard by the way will I observe\nthem:\n"},{"book_id":"HOS","book_name":"Hosea","chapter":13,"verse":8,"text":"I will meet them as a bear\nthat is bereaved\nof her whelps, and will rend the caul of their heart, and there will I devour them like a lion: the wild beast shall tear them.\n"},{"book_id":"HOS","book_name":"Hosea","chapter":13,"verse":9,"text":"O Israel, thou hast destroyed thyself; but in me\nis thine help.\n"},{"book_id":"HOS","book_name":"Hosea","chapter":13,"verse":10,"text":"I will be thy king: where\nis any other that may save thee in all thy cities? and thy judges of whom thou saidst, Give me a king and princes?\n"},{"book_id":"HOS","book_name":"Hosea","chapter":13,"verse":11,"text":"I gave thee a king in mine anger, and took\nhim away in my wrath.\n"},{"book_id":"HOS","book_name":"Hosea","chapter":13,"verse":12,"text":"The iniquity of Ephraim\nis bound up; his sin\nis\n hid.\n"},{"book_id":"HOS","book_name":"Hosea","chapter":13,"verse":13,"text":"The sorrows of a travailing woman shall come upon him: he\nis\n an unwise son; for he should not stay long in\nthe place of\n the breaking forth of children.\n"},{"book_id":"HOS","book_name":"Hosea","chapter":13,"verse":14,"text":"I will ransom them from the power of the grave; I will redeem them from death: O death, I will be thy plagues; O grave, I will be thy destruction: repentance shall be hid from mine eyes.\n"},{"book_id":"HOS","book_name":"Hosea","chapter":13,"verse":15,"text":"Though he be fruitful among\nhis brethren, an east wind shall come, the wind of the LORD shall come up from the wilderness, and his spring shall become dry, and his fountain shall be dried up: he shall spoil the treasure of all pleasant vessels.\n"},{"book_id":"HOS","book_name":"Hosea","chapter":13,"verse":16,"text":"Samaria shall become desolate; for she hath rebelled against her God: they shall fall by the sword: their infants shall be dashed in pieces, and their women with child shall be ripped up.\n"},{"book_id":"HOS","book_name":"Hosea","chapter":14,"verse":1,"text":"O Israel, return unto the LORD thy God; for thou hast fallen by thine iniquity.\n"},{"book_id":"HOS","book_name":"Hosea","chapter":14,"verse":2,"text":"Take with you words, and turn to the LORD: say unto him, Take away all iniquity, and receive\nus graciously: so will we render the calves of our lips.\n"},{"book_id":"HOS","book_name":"Hosea","chapter":14,"verse":3,"text":"Asshur shall not save us; we will not ride upon horses: neither will we say any more to the work of our hands,\nYe are our gods: for in thee the fatherless findeth mercy.\n"},{"book_id":"HOS","book_name":"Hosea","chapter":14,"verse":4,"text":"I will heal their backsliding, I will love them freely: for mine anger is turned away from him.\n"},{"book_id":"HOS","book_name":"Hosea","chapter":14,"verse":5,"text":"I will be as the dew unto Israel: he shall grow as the lily, and cast forth his roots as Lebanon.\n"},{"book_id":"HOS","book_name":"Hosea","chapter":14,"verse":6,"text":"His branches shall spread, and his beauty shall be as the olive tree, and his smell as Lebanon.\n"},{"book_id":"HOS","book_name":"Hosea","chapter":14,"verse":7,"text":"They that dwell under his shadow shall return; they shall revive\nas the corn, and grow as the vine: the scent thereof\nshall be\n as the wine of Lebanon.\n"},{"book_id":"HOS","book_name":"Hosea","chapter":14,"verse":8,"text":"Ephraim\nshall say, What have I to do any more with idols? I have heard\nhim, and observed him: I\nam like a green fir tree. From me is thy fruit found.\n"},{"book_id":"HOS","book_name":"Hosea","chapter":14,"verse":9,"text":"Who\nis wise, and he shall understand these\nthings?\n prudent, and he shall know them? for the ways of the LORD\nare\n right, and the just shall walk in them: but the transgressors shall fall therein.\n"}],"translation_id":"kjv","translation_name":"King James Version","translation_note":"Public Domain"}