{"reference":"Jonah 1,2,3,4","verses":[{"book_id":"JON","book_name":"Jonah","chapter":1,"verse":1,"text":"Now the word of the LORD came unto Jonah the son of Amittai, saying,\n"},{"book_id":"JON","book_name":"Jonah","chapter":1,"verse":2,"text":"Arise, go to Nineveh, that great city, and cry against it; for their wickedness is come up before me.\n"},{"book_id":"JON","book_name":"Jonah","chapter":1,"verse":3,"text":"But Jonah rose up to flee unto Tarshish from the presence of the LORD, and went down to Joppa; and he found a ship going to Tarshish: so he paid the fare thereof, and went down into it, to go with them unto Tarshish from the presence of the LORD.\n"},{"book_id":"JON","book_name":"Jonah","chapter":1,"verse":4,"text":"But the LORD sent out a great wind into the sea, and there was a mighty tempest in the sea, so that the ship was like to be broken.\n"},{"book_id":"JON","book_name":"Jonah","chapter":1,"verse":5,"text":"Then the mariners were afraid, and cried every man unto his god, and cast forth the wares that\nwere in the ship into the sea, to lighten\nit of them. But Jonah was gone down into the sides of the ship; and he lay, and was fast asleep.\n"},{"book_id":"JON","book_name":"Jonah","chapter":1,"verse":6,"text":"So the shipmaster came to him, and said unto him, What meanest thou, O sleeper? arise, call upon thy God, if so be that God will think upon us, that we perish not.\n"},{"book_id":"JON","book_name":"Jonah","chapter":1,"verse":7,"text":"And they said every one to his fellow, Come, and let us cast lots, that we may know for whose cause this evil\nis upon us. So they cast lots, and the lot fell upon Jonah.\n"},{"book_id":"JON","book_name":"Jonah","chapter":1,"verse":8,"text":"Then said they unto him, Tell us, we pray thee, for whose cause this evil\nis upon us; What\nis thine occupation? and whence comest thou? what\nis thy country? and of what people\nart thou?\n"},{"book_id":"JON","book_name":"Jonah","chapter":1,"verse":9,"text":"And he said unto them, I\nam an Hebrew; and I fear the LORD, the God of heaven, which hath made the sea and the dry\nland.\n"},{"book_id":"JON","book_name":"Jonah","chapter":1,"verse":10,"text":"Then were the men exceedingly afraid, and said unto him, Why hast thou done this? For the men knew that he fled from the presence of the LORD, because he had told them.\n"},{"book_id":"JON","book_name":"Jonah","chapter":1,"verse":11,"text":"Then said they unto him, What shall we do unto thee, that the sea may be calm unto us? for the sea wrought, and was tempestuous.\n"},{"book_id":"JON","book_name":"Jonah","chapter":1,"verse":12,"text":"And he said unto them, Take me up, and cast me forth into the sea; so shall the sea be calm unto you: for I know that for my sake this great tempest\nis upon you.\n"},{"book_id":"JON","book_name":"Jonah","chapter":1,"verse":13,"text":"Nevertheless the men rowed hard to bring\nit to the land; but they could not: for the sea wrought, and was tempestuous against them.\n"},{"book_id":"JON","book_name":"Jonah","chapter":1,"verse":14,"text":"Wherefore they cried unto the LORD, and said, We beseech thee, O LORD, we beseech thee, let us not perish for this man’s life, and lay not upon us innocent blood: for thou, O LORD, hast done as it pleased thee.\n"},{"book_id":"JON","book_name":"Jonah","chapter":1,"verse":15,"text":"So they took up Jonah, and cast him forth into the sea: and the sea ceased from her raging.\n"},{"book_id":"JON","book_name":"Jonah","chapter":1,"verse":16,"text":"Then the men feared the LORD exceedingly, and offered a sacrifice unto the LORD, and made vows.\n"},{"book_id":"JON","book_name":"Jonah","chapter":1,"verse":17,"text":"Now the LORD had prepared a great fish to swallow up Jonah. And Jonah was in the belly of the fish three days and three nights.\n"},{"book_id":"JON","book_name":"Jonah","chapter":2,"verse":1,"text":"Then Jonah prayed unto the LORD his God out of the fish’s belly,\n"},{"book_id":"JON","book_name":"Jonah","chapter":2,"verse":2,"text":"And said, I cried by reason of mine affliction unto the LORD, and he heard me; out of the belly of hell cried I,\nand thou heardest my voice.\n"},{"book_id":"JON","book_name":"Jonah","chapter":2,"verse":3,"text":"For thou hadst cast me into the deep, in the midst of the seas; and the floods compassed me about: all thy billows and thy waves passed over me.\n"},{"book_id":"JON","book_name":"Jonah","chapter":2,"verse":4,"text":"Then I said, I am cast out of thy sight; yet I will look again toward thy holy temple.\n"},{"book_id":"JON","book_name":"Jonah","chapter":2,"verse":5,"text":"The waters compassed me about,\neven to the soul: the depth closed me round about, the weeds were wrapped about my head.\n"},{"book_id":"JON","book_name":"Jonah","chapter":2,"verse":6,"text":"I went down to the bottoms of the mountains; the earth with her bars\nwas about me for ever: yet hast thou brought up my life from corruption, O LORD my God.\n"},{"book_id":"JON","book_name":"Jonah","chapter":2,"verse":7,"text":"When my soul fainted within me I remembered the LORD: and my prayer came in unto thee, into thine holy temple.\n"},{"book_id":"JON","book_name":"Jonah","chapter":2,"verse":8,"text":"They that observe lying vanities forsake their own mercy.\n"},{"book_id":"JON","book_name":"Jonah","chapter":2,"verse":9,"text":"But I will sacrifice unto thee with the voice of thanksgiving; I will pay\nthat that I have vowed. Salvation\nis of the LORD.\n"},{"book_id":"JON","book_name":"Jonah","chapter":2,"verse":10,"text":"And the LORD spake unto the fish, and it vomited out Jonah upon the dry\nland."},{"book_id":"JON","book_name":"Jonah","chapter":3,"verse":1,"text":"And the word of the LORD came unto Jonah the second time, saying,\n"},{"book_id":"JON","book_name":"Jonah","chapter":3,"verse":2,"text":"Arise, go unto Nineveh, that great city, and preach unto it the preaching that I bid thee.\n"},{"book_id":"JON","book_name":"Jonah","chapter":3,"verse":3,"text":"So Jonah arose, and went unto Nineveh, according to the word of the LORD. Now Nineveh was an exceeding great city of three days’ journey.\n"},{"book_id":"JON","book_name":"Jonah","chapter":3,"verse":4,"text":"And Jonah began to enter into the city a day’s journey, and he cried, and said, Yet forty days, and Nineveh shall be overthrown.\n"},{"book_id":"JON","book_name":"Jonah","chapter":3,"verse":5,"text":"So the people of Nineveh believed God, and proclaimed a fast, and put on sackcloth, from the greatest of them even to the least of them.\n"},{"book_id":"JON","book_name":"Jonah","chapter":3,"verse":6,"text":"For word came unto the king of Nineveh, and he arose from his throne, and he laid his robe from him, and covered\nhim with sackcloth, and sat in ashes.\n"},{"book_id":"JON","book_name":"Jonah","chapter":3,"verse":7,"text":"And he caused\nit to be proclaimed and published through Nineveh by the decree of the king and his nobles, saying, Let neither man nor beast, herd nor flock, taste any thing: let them not feed, nor drink water:\n"},{"book_id":"JON","book_name":"Jonah","chapter":3,"verse":8,"text":"But let man and beast be covered with sackcloth, and cry mightily unto God: yea, let them turn every one from his evil way, and from the violence that\nis in their hands.\n"},{"book_id":"JON","book_name":"Jonah","chapter":3,"verse":9,"text":"Who can tell\nif God will turn and repent, and turn away from his fierce anger, that we perish not?\n"},{"book_id":"JON","book_name":"Jonah","chapter":3,"verse":10,"text":"And God saw their works, that they turned from their evil way; and God repented of the evil, that he had said that he would do unto them; and he did\nit not.\n"},{"book_id":"JON","book_name":"Jonah","chapter":4,"verse":1,"text":"But it displeased Jonah exceedingly, and he was very angry.\n"},{"book_id":"JON","book_name":"Jonah","chapter":4,"verse":2,"text":"And he prayed unto the LORD, and said, I pray thee, O LORD,\nwas\n not this my saying, when I was yet in my country? Therefore I fled before unto Tarshish: for I knew that thou\nart a gracious God, and merciful, slow to anger, and of great kindness, and repentest thee of the evil.\n"},{"book_id":"JON","book_name":"Jonah","chapter":4,"verse":3,"text":"Therefore now, O LORD, take, I beseech thee, my life from me; for\nit is better for me to die than to live.\n"},{"book_id":"JON","book_name":"Jonah","chapter":4,"verse":4,"text":"Then said the LORD, Doest thou well to be angry?\n"},{"book_id":"JON","book_name":"Jonah","chapter":4,"verse":5,"text":"So Jonah went out of the city, and sat on the east side of the city, and there made him a booth, and sat under it in the shadow, till he might see what would become of the city.\n"},{"book_id":"JON","book_name":"Jonah","chapter":4,"verse":6,"text":"And the LORD God prepared a gourd, and made\nit to come up over Jonah, that it might be a shadow over his head, to deliver him from his grief. So Jonah was exceeding glad of the gourd.\n"},{"book_id":"JON","book_name":"Jonah","chapter":4,"verse":7,"text":"But God prepared a worm when the morning rose the next day, and it smote the gourd that it withered.\n"},{"book_id":"JON","book_name":"Jonah","chapter":4,"verse":8,"text":"And it came to pass, when the sun did arise, that God prepared a vehement east wind; and the sun beat upon the head of Jonah, that he fainted, and wished in himself to die, and said,\nIt is better for me to die than to live.\n"},{"book_id":"JON","book_name":"Jonah","chapter":4,"verse":9,"text":"And God said to Jonah, Doest thou well to be angry for the gourd? And he said, I do well to be angry,\neven unto death.\n"},{"book_id":"JON","book_name":"Jonah","chapter":4,"verse":10,"text":"Then said the LORD, Thou hast had pity on the gourd, for the which thou hast not laboured, neither madest it grow; which came up in a night, and perished in a night:\n"},{"book_id":"JON","book_name":"Jonah","chapter":4,"verse":11,"text":"And should not I spare Nineveh, that great city, wherein are more than sixscore thousand persons that cannot discern between their right hand and their left hand; and\nalso much cattle?\n"}],"translation_id":"kjv","translation_name":"King James Version","translation_note":"Public Domain"}