{"reference":"Malachi 1,2,3,4","verses":[{"book_id":"MAL","book_name":"Malachi","chapter":1,"verse":1,"text":"The burden of the word of the LORD to Israel by Malachi.\n"},{"book_id":"MAL","book_name":"Malachi","chapter":1,"verse":2,"text":"I have loved you, saith the LORD. Yet ye say, Wherein hast thou loved us?\nWas not Esau Jacob’s brother? saith the LORD: yet I loved Jacob,\n"},{"book_id":"MAL","book_name":"Malachi","chapter":1,"verse":3,"text":"And I hated Esau, and laid his mountains and his heritage waste for the dragons of the wilderness.\n"},{"book_id":"MAL","book_name":"Malachi","chapter":1,"verse":4,"text":"Whereas Edom saith, We are impoverished, but we will return and build the desolate places; thus saith the LORD of hosts, They shall build, but I will throw down; and they shall call them, The border of wickedness, and, The people against whom the LORD hath indignation for ever.\n"},{"book_id":"MAL","book_name":"Malachi","chapter":1,"verse":5,"text":"And your eyes shall see, and ye shall say, The LORD will be magnified from the border of Israel.\n"},{"book_id":"MAL","book_name":"Malachi","chapter":1,"verse":6,"text":"A son honoureth\nhis father, and a servant his master: if then I\nbe a father, where\nis mine honour? and if I\nbe\n a master, where\nis my fear? saith the LORD of hosts unto you, O priests, that despise my name. And ye say, Wherein have we despised thy name?\n"},{"book_id":"MAL","book_name":"Malachi","chapter":1,"verse":7,"text":"Ye offer polluted bread upon mine altar; and ye say, Wherein have we polluted thee? In that ye say, The table of the LORD\nis contemptible.\n"},{"book_id":"MAL","book_name":"Malachi","chapter":1,"verse":8,"text":"And if ye offer the blind for sacrifice,\nis it not evil? and if ye offer the lame and sick,\nis it not evil? offer it now unto thy governor; will he be pleased with thee, or accept thy person? saith the LORD of hosts.\n"},{"book_id":"MAL","book_name":"Malachi","chapter":1,"verse":9,"text":"And now, I pray you, beseech God that he will be gracious unto us: this hath been by your means: will he regard your persons? saith the LORD of hosts.\n"},{"book_id":"MAL","book_name":"Malachi","chapter":1,"verse":10,"text":"Who\nis there even among you that would shut the doors\nfor nought? neither do ye kindle\nfire on mine altar for nought. I have no pleasure in you, saith the LORD of hosts, neither will I accept an offering at your hand.\n"},{"book_id":"MAL","book_name":"Malachi","chapter":1,"verse":11,"text":"For from the rising of the sun even unto the going down of the same my name\nshall be great among the Gentiles; and in every place incense\nshall be offered unto my name, and a pure offering: for my name\nshall be great among the heathen, saith the LORD of hosts.\n"},{"book_id":"MAL","book_name":"Malachi","chapter":1,"verse":12,"text":"But ye have profaned it, in that ye say, The table of the LORD\nis polluted; and the fruit thereof,\neven his meat,\nis contemptible.\n"},{"book_id":"MAL","book_name":"Malachi","chapter":1,"verse":13,"text":"Ye said also, Behold, what a weariness\nis it! and ye have snuffed at it, saith the LORD of hosts; and ye brought\nthat which was\n torn, and the lame, and the sick; thus ye brought an offering: should I accept this of your hand? saith the LORD.\n"},{"book_id":"MAL","book_name":"Malachi","chapter":1,"verse":14,"text":"But cursed\nbe the deceiver, which hath in his flock a male, and voweth, and sacrificeth unto the LORD a corrupt thing: for I\nam\n a great King, saith the LORD of hosts, and my name\nis dreadful among the heathen.\n"},{"book_id":"MAL","book_name":"Malachi","chapter":2,"verse":1,"text":"And now, O ye priests, this commandment\nis for you.\n"},{"book_id":"MAL","book_name":"Malachi","chapter":2,"verse":2,"text":"If ye will not hear, and if ye will not lay\nit to heart, to give glory unto my name, saith the LORD of hosts, I will even send a curse upon you, and I will curse your blessings: yea, I have cursed them already, because ye do not lay\nit to heart.\n"},{"book_id":"MAL","book_name":"Malachi","chapter":2,"verse":3,"text":"Behold, I will corrupt your seed, and spread dung upon your faces,\neven the dung of your solemn feasts; and\none shall take you away with it.\n"},{"book_id":"MAL","book_name":"Malachi","chapter":2,"verse":4,"text":"And ye shall know that I have sent this commandment unto you, that my covenant might be with Levi, saith the LORD of hosts.\n"},{"book_id":"MAL","book_name":"Malachi","chapter":2,"verse":5,"text":"My covenant was with him of life and peace; and I gave them to him\nfor the fear wherewith he feared me, and was afraid before my name.\n"},{"book_id":"MAL","book_name":"Malachi","chapter":2,"verse":6,"text":"The law of truth was in his mouth, and iniquity was not found in his lips: he walked with me in peace and equity, and did turn many away from iniquity.\n"},{"book_id":"MAL","book_name":"Malachi","chapter":2,"verse":7,"text":"For the priest’s lips should keep knowledge, and they should seek the law at his mouth: for he\nis the messenger of the LORD of hosts.\n"},{"book_id":"MAL","book_name":"Malachi","chapter":2,"verse":8,"text":"But ye are departed out of the way; ye have caused many to stumble at the law; ye have corrupted the covenant of Levi, saith the LORD of hosts.\n"},{"book_id":"MAL","book_name":"Malachi","chapter":2,"verse":9,"text":"Therefore have I also made you contemptible and base before all the people, according as ye have not kept my ways, but have been partial in the law.\n"},{"book_id":"MAL","book_name":"Malachi","chapter":2,"verse":10,"text":"Have we not all one father? hath not one God created us? why do we deal treacherously every man against his brother, by profaning the covenant of our fathers?\n"},{"book_id":"MAL","book_name":"Malachi","chapter":2,"verse":11,"text":"Judah hath dealt treacherously, and an abomination is committed in Israel and in Jerusalem; for Judah hath profaned the holiness of the LORD which he loved, and hath married the daughter of a strange god.\n"},{"book_id":"MAL","book_name":"Malachi","chapter":2,"verse":12,"text":"The LORD will cut off the man that doeth this, the master and the scholar, out of the tabernacles of Jacob, and him that offereth an offering unto the LORD of hosts.\n"},{"book_id":"MAL","book_name":"Malachi","chapter":2,"verse":13,"text":"And this have ye done again, covering the altar of the LORD with tears, with weeping, and with crying out, insomuch that he regardeth not the offering any more, or receiveth\nit with good will at your hand.\n"},{"book_id":"MAL","book_name":"Malachi","chapter":2,"verse":14,"text":"Yet ye say, Wherefore? Because the LORD hath been witness between thee and the wife of thy youth, against whom thou hast dealt treacherously: yet\nis she thy companion, and the wife of thy covenant.\n"},{"book_id":"MAL","book_name":"Malachi","chapter":2,"verse":15,"text":"And did not he make one? Yet had he the residue of the spirit. And wherefore one? That he might seek a godly seed. Therefore take heed to your spirit, and let none deal treacherously against the wife of his youth.\n"},{"book_id":"MAL","book_name":"Malachi","chapter":2,"verse":16,"text":"For the LORD, the God of Israel, saith that he hateth putting away: for\none covereth violence with his garment, saith the LORD of hosts: therefore take heed to your spirit, that ye deal not treacherously.\n"},{"book_id":"MAL","book_name":"Malachi","chapter":2,"verse":17,"text":"Ye have wearied the LORD with your words. Yet ye say, Wherein have we wearied\nhim? When ye say, Every one that doeth evil\nis\n good in the sight of the LORD, and he delighteth in them; or, Where\nis the God of judgment?\n"},{"book_id":"MAL","book_name":"Malachi","chapter":3,"verse":1,"text":"Behold, I will send my messenger, and he shall prepare the way before me: and the Lord, whom ye seek, shall suddenly come to his temple, even the messenger of the covenant, whom ye delight in: behold, he shall come, saith the LORD of hosts.\n"},{"book_id":"MAL","book_name":"Malachi","chapter":3,"verse":2,"text":"But who may abide the day of his coming? and who shall stand when he appeareth? for he\nis like a refiner’s fire, and like fullers’ sope:\n"},{"book_id":"MAL","book_name":"Malachi","chapter":3,"verse":3,"text":"And he shall sit\nas a refiner and purifier of silver: and he shall purify the sons of Levi, and purge them as gold and silver, that they may offer unto the LORD an offering in righteousness.\n"},{"book_id":"MAL","book_name":"Malachi","chapter":3,"verse":4,"text":"Then shall the offering of Judah and Jerusalem be pleasant unto the LORD, as in the days of old, and as in former years.\n"},{"book_id":"MAL","book_name":"Malachi","chapter":3,"verse":5,"text":"And I will come near to you to judgment; and I will be a swift witness against the sorcerers, and against the adulterers, and against false swearers, and against those that oppress the hireling in\nhis wages, the widow, and the fatherless, and that turn aside the stranger\nfrom his right,\n and fear not me, saith the LORD of hosts.\n"},{"book_id":"MAL","book_name":"Malachi","chapter":3,"verse":6,"text":"For I\nam the LORD, I change not; therefore ye sons of Jacob are not consumed.\n"},{"book_id":"MAL","book_name":"Malachi","chapter":3,"verse":7,"text":"Even from the days of your fathers ye are gone away from mine ordinances, and have not kept\nthem. Return unto me, and I will return unto you, saith the LORD of hosts. But ye said, Wherein shall we return?\n"},{"book_id":"MAL","book_name":"Malachi","chapter":3,"verse":8,"text":"Will a man rob God? Yet ye have robbed me. But ye say, Wherein have we robbed thee? In tithes and offerings.\n"},{"book_id":"MAL","book_name":"Malachi","chapter":3,"verse":9,"text":"Ye\nare cursed with a curse: for ye have robbed me,\neven\n this whole nation.\n"},{"book_id":"MAL","book_name":"Malachi","chapter":3,"verse":10,"text":"Bring ye all the tithes into the storehouse, that there may be meat in mine house, and prove me now herewith, saith the LORD of hosts, if I will not open you the windows of heaven, and pour you out a blessing, that\nthere shall not\nbe room enough\nto receive it.\n"},{"book_id":"MAL","book_name":"Malachi","chapter":3,"verse":11,"text":"And I will rebuke the devourer for your sakes, and he shall not destroy the fruits of your ground; neither shall your vine cast her fruit before the time in the field, saith the LORD of hosts.\n"},{"book_id":"MAL","book_name":"Malachi","chapter":3,"verse":12,"text":"And all nations shall call you blessed: for ye shall be a delightsome land, saith the LORD of hosts.\n"},{"book_id":"MAL","book_name":"Malachi","chapter":3,"verse":13,"text":"Your words have been stout against me, saith the LORD. Yet ye say, What have we spoken\nso much against thee?\n"},{"book_id":"MAL","book_name":"Malachi","chapter":3,"verse":14,"text":"Ye have said, It\nis vain to serve God: and what profit\nis it that we have kept his ordinance, and that we have walked mournfully before the LORD of hosts?\n"},{"book_id":"MAL","book_name":"Malachi","chapter":3,"verse":15,"text":"And now we call the proud happy; yea, they that work wickedness are set up; yea,\nthey that tempt God are even delivered.\n"},{"book_id":"MAL","book_name":"Malachi","chapter":3,"verse":16,"text":"Then they that feared the LORD spake often one to another: and the LORD hearkened, and heard\nit, and a book of remembrance was written before him for them that feared the LORD, and that thought upon his name.\n"},{"book_id":"MAL","book_name":"Malachi","chapter":3,"verse":17,"text":"And they shall be mine, saith the LORD of hosts, in that day when I make up my jewels; and I will spare them, as a man spareth his own son that serveth him.\n"},{"book_id":"MAL","book_name":"Malachi","chapter":3,"verse":18,"text":"Then shall ye return, and discern between the righteous and the wicked, between him that serveth God and him that serveth him not.\n"},{"book_id":"MAL","book_name":"Malachi","chapter":4,"verse":1,"text":"For, behold, the day cometh, that shall burn as an oven; and all the proud, yea, and all that do wickedly, shall be stubble: and the day that cometh shall burn them up, saith the LORD of hosts, that it shall leave them neither root nor branch.\n"},{"book_id":"MAL","book_name":"Malachi","chapter":4,"verse":2,"text":"But unto you that fear my name shall the Sun of righteousness arise with healing in his wings; and ye shall go forth, and grow up as calves of the stall.\n"},{"book_id":"MAL","book_name":"Malachi","chapter":4,"verse":3,"text":"And ye shall tread down the wicked; for they shall be ashes under the soles of your feet in the day that I shall do\nthis, saith the LORD of hosts.\n"},{"book_id":"MAL","book_name":"Malachi","chapter":4,"verse":4,"text":"Remember ye the law of Moses my servant, which I commanded unto him in Horeb for all Israel,\nwith the statutes and judgments.\n"},{"book_id":"MAL","book_name":"Malachi","chapter":4,"verse":5,"text":"Behold, I will send you Elijah the prophet before the coming of the great and dreadful day of the LORD:\n"},{"book_id":"MAL","book_name":"Malachi","chapter":4,"verse":6,"text":"And he shall turn the heart of the fathers to the children, and the heart of the children to their fathers, lest I come and smite the earth with a curse.\n"}],"translation_id":"kjv","translation_name":"King James Version","translation_note":"Public Domain"}