{"reference":"Nahum 1,2,3","verses":[{"book_id":"NAM","book_name":"Nahum","chapter":1,"verse":1,"text":"The burden of Nineveh. The book of the vision of Nahum the Elkoshite.\n"},{"book_id":"NAM","book_name":"Nahum","chapter":1,"verse":2,"text":"God\nis jealous, and the LORD revengeth; the LORD revengeth, and\nis furious; the LORD will take vengeance on his adversaries, and he reserveth\nwrath for his enemies.\n"},{"book_id":"NAM","book_name":"Nahum","chapter":1,"verse":3,"text":"The LORD\nis slow to anger, and great in power, and will not at all acquit\nthe wicked: the LORD hath his way in the whirlwind and in the storm, and the clouds\nare the dust of his feet.\n"},{"book_id":"NAM","book_name":"Nahum","chapter":1,"verse":4,"text":"He rebuketh the sea, and maketh it dry, and drieth up all the rivers: Bashan languisheth, and Carmel, and the flower of Lebanon languisheth.\n"},{"book_id":"NAM","book_name":"Nahum","chapter":1,"verse":5,"text":"The mountains quake at him, and the hills melt, and the earth is burned at his presence, yea, the world, and all that dwell therein.\n"},{"book_id":"NAM","book_name":"Nahum","chapter":1,"verse":6,"text":"Who can stand before his indignation? and who can abide in the fierceness of his anger? his fury is poured out like fire, and the rocks are thrown down by him.\n"},{"book_id":"NAM","book_name":"Nahum","chapter":1,"verse":7,"text":"The LORD\nis good, a strong hold in the day of trouble; and he knoweth them that trust in him.\n"},{"book_id":"NAM","book_name":"Nahum","chapter":1,"verse":8,"text":"But with an overrunning flood he will make an utter end of the place thereof, and darkness shall pursue his enemies.\n"},{"book_id":"NAM","book_name":"Nahum","chapter":1,"verse":9,"text":"What do ye imagine against the LORD? he will make an utter end: affliction shall not rise up the second time.\n"},{"book_id":"NAM","book_name":"Nahum","chapter":1,"verse":10,"text":"For while\nthey be folden together\nas thorns, and while they are drunken\nas drunkards, they shall be devoured as stubble fully dry.\n"},{"book_id":"NAM","book_name":"Nahum","chapter":1,"verse":11,"text":"There is\none come out of thee, that imagineth evil against the LORD, a wicked counsellor.\n"},{"book_id":"NAM","book_name":"Nahum","chapter":1,"verse":12,"text":"Thus saith the LORD: Though\nthey be quiet, and likewise many, yet thus shall they be cut down, when he shall pass through. Though I have afflicted thee, I will afflict thee no more.\n"},{"book_id":"NAM","book_name":"Nahum","chapter":1,"verse":13,"text":"For now will I break his yoke from off thee, and will burst thy bonds in sunder.\n"},{"book_id":"NAM","book_name":"Nahum","chapter":1,"verse":14,"text":"And the LORD hath given a commandment concerning thee,\nthat\n no more of thy name be sown: out of the house of thy gods will I cut off the graven image and the molten image: I will make thy grave; for thou art vile.\n"},{"book_id":"NAM","book_name":"Nahum","chapter":1,"verse":15,"text":"Behold upon the mountains the feet of him that bringeth good tidings, that publisheth peace! O Judah, keep thy solemn feasts, perform thy vows: for the wicked shall no more pass through thee; he is utterly cut off.\n"},{"book_id":"NAM","book_name":"Nahum","chapter":2,"verse":1,"text":"He that dasheth in pieces is come up before thy face: keep the munition, watch the way, make\nthy loins strong, fortify\nthy power mightily.\n"},{"book_id":"NAM","book_name":"Nahum","chapter":2,"verse":2,"text":"For the LORD hath turned away the excellency of Jacob, as the excellency of Israel: for the emptiers have emptied them out, and marred their vine branches.\n"},{"book_id":"NAM","book_name":"Nahum","chapter":2,"verse":3,"text":"The shield of his mighty men is made red, the valiant men\nare\n in scarlet: the chariots\nshall be with flaming torches in the day of his preparation, and the fir trees shall be terribly shaken.\n"},{"book_id":"NAM","book_name":"Nahum","chapter":2,"verse":4,"text":"The chariots shall rage in the streets, they shall justle one against another in the broad ways: they shall seem like torches, they shall run like the lightnings.\n"},{"book_id":"NAM","book_name":"Nahum","chapter":2,"verse":5,"text":"He shall recount his worthies: they shall stumble in their walk; they shall make haste to the wall thereof, and the defence shall be prepared.\n"},{"book_id":"NAM","book_name":"Nahum","chapter":2,"verse":6,"text":"The gates of the rivers shall be opened, and the palace shall be dissolved.\n"},{"book_id":"NAM","book_name":"Nahum","chapter":2,"verse":7,"text":"And Huzzab shall be led away captive, she shall be brought up, and her maids shall lead\nher as with the voice of doves, tabering upon their breasts.\n"},{"book_id":"NAM","book_name":"Nahum","chapter":2,"verse":8,"text":"But Nineveh is of old like a pool of water: yet they shall flee away. Stand, stand,\nshall they cry; but none shall look back.\n"},{"book_id":"NAM","book_name":"Nahum","chapter":2,"verse":9,"text":"Take ye the spoil of silver, take the spoil of gold: for\nthere is\n none end of the store\nand glory out of all the pleasant furniture.\n"},{"book_id":"NAM","book_name":"Nahum","chapter":2,"verse":10,"text":"She is empty, and void, and waste: and the heart melteth, and the knees smite together, and much pain\nis in all loins, and the faces of them all gather blackness.\n"},{"book_id":"NAM","book_name":"Nahum","chapter":2,"verse":11,"text":"Where\nis the dwelling of the lions, and the feeding place of the young lions, where the lion,\neven the old lion, walked,\nand the lion’s whelp, and none made\nthem afraid?\n"},{"book_id":"NAM","book_name":"Nahum","chapter":2,"verse":12,"text":"The lion did tear in pieces enough for his whelps, and strangled for his lionesses, and filled his holes with prey, and his dens with ravin.\n"},{"book_id":"NAM","book_name":"Nahum","chapter":2,"verse":13,"text":"Behold, I\nam against thee, saith the LORD of hosts, and I will burn her chariots in the smoke, and the sword shall devour thy young lions: and I will cut off thy prey from the earth, and the voice of thy messengers shall no more be heard.\n"},{"book_id":"NAM","book_name":"Nahum","chapter":3,"verse":1,"text":"Woe to the bloody city! it is all full of lies\nand robbery; the prey departeth not;\n"},{"book_id":"NAM","book_name":"Nahum","chapter":3,"verse":2,"text":"The noise of a whip, and the noise of the rattling of the wheels, and of the pransing horses, and of the jumping chariots.\n"},{"book_id":"NAM","book_name":"Nahum","chapter":3,"verse":3,"text":"The horseman lifteth up both the bright sword and the glittering spear: and\nthere is a multitude of slain, and a great number of carcases; and\nthere is none end of\ntheir corpses; they stumble upon their corpses:\n"},{"book_id":"NAM","book_name":"Nahum","chapter":3,"verse":4,"text":"Because of the multitude of the whoredoms of the wellfavoured harlot, the mistress of witchcrafts, that selleth nations through her whoredoms, and families through her witchcrafts.\n"},{"book_id":"NAM","book_name":"Nahum","chapter":3,"verse":5,"text":"Behold, I\nam against thee, saith the LORD of hosts; and I will discover thy skirts upon thy face, and I will shew the nations thy nakedness, and the kingdoms thy shame.\n"},{"book_id":"NAM","book_name":"Nahum","chapter":3,"verse":6,"text":"And I will cast abominable filth upon thee, and make thee vile, and will set thee as a gazingstock.\n"},{"book_id":"NAM","book_name":"Nahum","chapter":3,"verse":7,"text":"And it shall come to pass,\nthat all they that look upon thee shall flee from thee, and say, Nineveh is laid waste: who will bemoan her? whence shall I seek comforters for thee?\n"},{"book_id":"NAM","book_name":"Nahum","chapter":3,"verse":8,"text":"Art thou better than populous No, that was situate among the rivers,\nthat had the waters round about it, whose rampart\nwas\n the sea,\nand her wall\nwas from the sea?\n"},{"book_id":"NAM","book_name":"Nahum","chapter":3,"verse":9,"text":"Ethiopia and Egypt\nwere her strength, and\nit was\n infinite; Put and Lubim were thy helpers.\n"},{"book_id":"NAM","book_name":"Nahum","chapter":3,"verse":10,"text":"Yet\nwas she carried away, she went into captivity: her young children also were dashed in pieces at the top of all the streets: and they cast lots for her honourable men, and all her great men were bound in chains.\n"},{"book_id":"NAM","book_name":"Nahum","chapter":3,"verse":11,"text":"Thou also shalt be drunken: thou shalt be hid, thou also shalt seek strength because of the enemy.\n"},{"book_id":"NAM","book_name":"Nahum","chapter":3,"verse":12,"text":"All thy strong holds\nshall be like fig trees with the firstripe figs: if they be shaken, they shall even fall into the mouth of the eater.\n"},{"book_id":"NAM","book_name":"Nahum","chapter":3,"verse":13,"text":"Behold, thy people in the midst of thee\nare women: the gates of thy land shall be set wide open unto thine enemies: the fire shall devour thy bars.\n"},{"book_id":"NAM","book_name":"Nahum","chapter":3,"verse":14,"text":"Draw thee waters for the siege, fortify thy strong holds: go into clay, and tread the morter, make strong the brickkiln.\n"},{"book_id":"NAM","book_name":"Nahum","chapter":3,"verse":15,"text":"There shall the fire devour thee; the sword shall cut thee off, it shall eat thee up like the cankerworm: make thyself many as the cankerworm, make thyself many as the locusts.\n"},{"book_id":"NAM","book_name":"Nahum","chapter":3,"verse":16,"text":"Thou hast multiplied thy merchants above the stars of heaven: the cankerworm spoileth, and fleeth away.\n"},{"book_id":"NAM","book_name":"Nahum","chapter":3,"verse":17,"text":"Thy crowned\nare as the locusts, and thy captains as the great grasshoppers, which camp in the hedges in the cold day,\nbut when the sun ariseth they flee away, and their place is not known where they\nare.\n"},{"book_id":"NAM","book_name":"Nahum","chapter":3,"verse":18,"text":"Thy shepherds slumber, O king of Assyria: thy nobles shall dwell\nin the dust: thy people is scattered upon the mountains, and no man gathereth\nthem.\n"},{"book_id":"NAM","book_name":"Nahum","chapter":3,"verse":19,"text":"There is no healing of thy bruise; thy wound is grievous: all that hear the bruit of thee shall clap the hands over thee: for upon whom hath not thy wickedness passed continually?\n"}],"translation_id":"kjv","translation_name":"King James Version","translation_note":"Public Domain"}