{"reference":"Philippians 1,2,3,4","verses":[{"book_id":"PHP","book_name":"Philippians","chapter":1,"verse":1,"text":"Paul and Timotheus, the servants of Jesus Christ, to all the saints in Christ Jesus which are at Philippi, with the bishops and deacons:\n"},{"book_id":"PHP","book_name":"Philippians","chapter":1,"verse":2,"text":"Grace\nbe unto you, and peace, from God our Father, and\nfrom the Lord Jesus Christ.\n"},{"book_id":"PHP","book_name":"Philippians","chapter":1,"verse":3,"text":"I thank my God upon every remembrance of you,\n"},{"book_id":"PHP","book_name":"Philippians","chapter":1,"verse":4,"text":"Always in every prayer of mine for you all making request with joy,\n"},{"book_id":"PHP","book_name":"Philippians","chapter":1,"verse":5,"text":"For your fellowship in the gospel from the first day until now;\n"},{"book_id":"PHP","book_name":"Philippians","chapter":1,"verse":6,"text":"Being confident of this very thing, that he which hath begun a good work in you will perform\nit until the day of Jesus Christ:\n"},{"book_id":"PHP","book_name":"Philippians","chapter":1,"verse":7,"text":"Even as it is meet for me to think this of you all, because I have you in my heart; inasmuch as both in my bonds, and in the defence and confirmation of the gospel, ye all are partakers of my grace.\n"},{"book_id":"PHP","book_name":"Philippians","chapter":1,"verse":8,"text":"For God is my record, how greatly I long after you all in the bowels of Jesus Christ.\n"},{"book_id":"PHP","book_name":"Philippians","chapter":1,"verse":9,"text":"And this I pray, that your love may abound yet more and more in knowledge and\nin all judgment;\n"},{"book_id":"PHP","book_name":"Philippians","chapter":1,"verse":10,"text":"That ye may approve things that are excellent; that ye may be sincere and without offence till the day of Christ;\n"},{"book_id":"PHP","book_name":"Philippians","chapter":1,"verse":11,"text":"Being filled with the fruits of righteousness, which are by Jesus Christ, unto the glory and praise of God.\n"},{"book_id":"PHP","book_name":"Philippians","chapter":1,"verse":12,"text":"But I would ye should understand, brethren, that the things\nwhich happened unto me have fallen out rather unto the furtherance of the gospel;\n"},{"book_id":"PHP","book_name":"Philippians","chapter":1,"verse":13,"text":"So that my bonds in Christ are manifest in all the palace, and in all other\nplaces;\n"},{"book_id":"PHP","book_name":"Philippians","chapter":1,"verse":14,"text":"And many of the brethren in the Lord, waxing confident by my bonds, are much more bold to speak the word without fear.\n"},{"book_id":"PHP","book_name":"Philippians","chapter":1,"verse":15,"text":"Some indeed preach Christ even of envy and strife; and some also of good will:\n"},{"book_id":"PHP","book_name":"Philippians","chapter":1,"verse":16,"text":"The one preach Christ of contention, not sincerely, supposing to add affliction to my bonds:\n"},{"book_id":"PHP","book_name":"Philippians","chapter":1,"verse":17,"text":"But the other of love, knowing that I am set for the defence of the gospel.\n"},{"book_id":"PHP","book_name":"Philippians","chapter":1,"verse":18,"text":"What then? notwithstanding, every way, whether in pretence, or in truth, Christ is preached; and I therein do rejoice, yea, and will rejoice.\n"},{"book_id":"PHP","book_name":"Philippians","chapter":1,"verse":19,"text":"For I know that this shall turn to my salvation through your prayer, and the supply of the Spirit of Jesus Christ,\n"},{"book_id":"PHP","book_name":"Philippians","chapter":1,"verse":20,"text":"According to my earnest expectation and\nmy hope, that in nothing I shall be ashamed, but\nthat with all boldness, as always,\nso now also Christ shall be magnified in my body, whether\nit be by life, or by death.\n"},{"book_id":"PHP","book_name":"Philippians","chapter":1,"verse":21,"text":"For to me to live\nis Christ, and to die\nis gain.\n"},{"book_id":"PHP","book_name":"Philippians","chapter":1,"verse":22,"text":"But if I live in the flesh, this\nis the fruit of my labour: yet what I shall choose I wot not.\n"},{"book_id":"PHP","book_name":"Philippians","chapter":1,"verse":23,"text":"For I am in a strait betwixt two, having a desire to depart, and to be with Christ; which is far better:\n"},{"book_id":"PHP","book_name":"Philippians","chapter":1,"verse":24,"text":"Nevertheless to abide in the flesh\nis more needful for you.\n"},{"book_id":"PHP","book_name":"Philippians","chapter":1,"verse":25,"text":"And having this confidence, I know that I shall abide and continue with you all for your furtherance and joy of faith;\n"},{"book_id":"PHP","book_name":"Philippians","chapter":1,"verse":26,"text":"That your rejoicing may be more abundant in Jesus Christ for me by my coming to you again.\n"},{"book_id":"PHP","book_name":"Philippians","chapter":1,"verse":27,"text":"Only let your conversation be as it becometh the gospel of Christ: that whether I come and see you, or else be absent, I may hear of your affairs, that ye stand fast in one spirit, with one mind striving together for the faith of the gospel;\n"},{"book_id":"PHP","book_name":"Philippians","chapter":1,"verse":28,"text":"And in nothing terrified by your adversaries: which is to them an evident token of perdition, but to you of salvation, and that of God.\n"},{"book_id":"PHP","book_name":"Philippians","chapter":1,"verse":29,"text":"For unto you it is given in the behalf of Christ, not only to believe on him, but also to suffer for his sake;\n"},{"book_id":"PHP","book_name":"Philippians","chapter":1,"verse":30,"text":"Having the same conflict which ye saw in me, and now hear\nto be\n in me.\n"},{"book_id":"PHP","book_name":"Philippians","chapter":2,"verse":1,"text":"If\nthere be therefore any consolation in Christ, if any comfort of love, if any fellowship of the Spirit, if any bowels and mercies,\n"},{"book_id":"PHP","book_name":"Philippians","chapter":2,"verse":2,"text":"Fulfil ye my joy, that ye be likeminded, having the same love,\nbeing of one accord, of one mind.\n"},{"book_id":"PHP","book_name":"Philippians","chapter":2,"verse":3,"text":"Let nothing\nbe done through strife or vainglory; but in lowliness of mind let each esteem other better than themselves.\n"},{"book_id":"PHP","book_name":"Philippians","chapter":2,"verse":4,"text":"Look not every man on his own things, but every man also on the things of others.\n"},{"book_id":"PHP","book_name":"Philippians","chapter":2,"verse":5,"text":"Let this mind be in you, which was also in Christ Jesus:\n"},{"book_id":"PHP","book_name":"Philippians","chapter":2,"verse":6,"text":"Who, being in the form of God, thought it not robbery to be equal with God:\n"},{"book_id":"PHP","book_name":"Philippians","chapter":2,"verse":7,"text":"But made himself of no reputation, and took upon him the form of a servant, and was made in the likeness of men:\n"},{"book_id":"PHP","book_name":"Philippians","chapter":2,"verse":8,"text":"And being found in fashion as a man, he humbled himself, and became obedient unto death, even the death of the cross.\n"},{"book_id":"PHP","book_name":"Philippians","chapter":2,"verse":9,"text":"Wherefore God also hath highly exalted him, and given him a name which is above every name:\n"},{"book_id":"PHP","book_name":"Philippians","chapter":2,"verse":10,"text":"That at the name of Jesus every knee should bow, of\nthings\n in heaven, and\nthings in earth, and\nthings under the earth;\n"},{"book_id":"PHP","book_name":"Philippians","chapter":2,"verse":11,"text":"And\nthat every tongue should confess that Jesus Christ\nis Lord, to the glory of God the Father.\n"},{"book_id":"PHP","book_name":"Philippians","chapter":2,"verse":12,"text":"Wherefore, my beloved, as ye have always obeyed, not as in my presence only, but now much more in my absence, work out your own salvation with fear and trembling.\n"},{"book_id":"PHP","book_name":"Philippians","chapter":2,"verse":13,"text":"For it is God which worketh in you both to will and to do of\nhis\n good pleasure.\n"},{"book_id":"PHP","book_name":"Philippians","chapter":2,"verse":14,"text":"Do all things without murmurings and disputings:\n"},{"book_id":"PHP","book_name":"Philippians","chapter":2,"verse":15,"text":"That ye may be blameless and harmless, the sons of God, without rebuke, in the midst of a crooked and perverse nation, among whom ye shine as lights in the world;\n"},{"book_id":"PHP","book_name":"Philippians","chapter":2,"verse":16,"text":"Holding forth the word of life; that I may rejoice in the day of Christ, that I have not run in vain, neither laboured in vain.\n"},{"book_id":"PHP","book_name":"Philippians","chapter":2,"verse":17,"text":"Yea, and if I be offered upon the sacrifice and service of your faith, I joy, and rejoice with you all.\n"},{"book_id":"PHP","book_name":"Philippians","chapter":2,"verse":18,"text":"For the same cause also do ye joy, and rejoice with me.\n"},{"book_id":"PHP","book_name":"Philippians","chapter":2,"verse":19,"text":"But I trust in the Lord Jesus to send Timotheus shortly unto you, that I also may be of good comfort, when I know your state.\n"},{"book_id":"PHP","book_name":"Philippians","chapter":2,"verse":20,"text":"For I have no man likeminded, who will naturally care for your state.\n"},{"book_id":"PHP","book_name":"Philippians","chapter":2,"verse":21,"text":"For all seek their own, not the things which are Jesus Christ’s.\n"},{"book_id":"PHP","book_name":"Philippians","chapter":2,"verse":22,"text":"But ye know the proof of him, that, as a son with the father, he hath served with me in the gospel.\n"},{"book_id":"PHP","book_name":"Philippians","chapter":2,"verse":23,"text":"Him therefore I hope to send presently, so soon as I shall see how it will go with me.\n"},{"book_id":"PHP","book_name":"Philippians","chapter":2,"verse":24,"text":"But I trust in the Lord that I also myself shall come shortly.\n"},{"book_id":"PHP","book_name":"Philippians","chapter":2,"verse":25,"text":"Yet I supposed it necessary to send to you Epaphroditus, my brother, and companion in labour, and fellow soldier, but your messenger, and he that ministered to my wants.\n"},{"book_id":"PHP","book_name":"Philippians","chapter":2,"verse":26,"text":"For he longed after you all, and was full of heaviness, because that ye had heard that he had been sick.\n"},{"book_id":"PHP","book_name":"Philippians","chapter":2,"verse":27,"text":"For indeed he was sick nigh unto death: but God had mercy on him; and not on him only, but on me also, lest I should have sorrow upon sorrow.\n"},{"book_id":"PHP","book_name":"Philippians","chapter":2,"verse":28,"text":"I sent him therefore the more carefully, that, when ye see him again, ye may rejoice, and that I may be the less sorrowful.\n"},{"book_id":"PHP","book_name":"Philippians","chapter":2,"verse":29,"text":"Receive him therefore in the Lord with all gladness; and hold such in reputation:\n"},{"book_id":"PHP","book_name":"Philippians","chapter":2,"verse":30,"text":"Because for the work of Christ he was nigh unto death, not regarding his life, to supply your lack of service toward me.\n"},{"book_id":"PHP","book_name":"Philippians","chapter":3,"verse":1,"text":"Finally, my brethren, rejoice in the Lord. To write the same things to you, to me indeed\nis not grievous, but for you\nit is\n safe.\n"},{"book_id":"PHP","book_name":"Philippians","chapter":3,"verse":2,"text":"Beware of dogs, beware of evil workers, beware of the concision.\n"},{"book_id":"PHP","book_name":"Philippians","chapter":3,"verse":3,"text":"For we are the circumcision, which worship God in the spirit, and rejoice in Christ Jesus, and have no confidence in the flesh.\n"},{"book_id":"PHP","book_name":"Philippians","chapter":3,"verse":4,"text":"Though I might also have confidence in the flesh. If any other man thinketh that he hath whereof he might trust in the flesh, I more:\n"},{"book_id":"PHP","book_name":"Philippians","chapter":3,"verse":5,"text":"Circumcised the eighth day, of the stock of Israel,\nof the tribe of Benjamin, an Hebrew of the Hebrews; as touching the law, a Pharisee;\n"},{"book_id":"PHP","book_name":"Philippians","chapter":3,"verse":6,"text":"Concerning zeal, persecuting the church; touching the righteousness which is in the law, blameless.\n"},{"book_id":"PHP","book_name":"Philippians","chapter":3,"verse":7,"text":"But what things were gain to me, those I counted loss for Christ.\n"},{"book_id":"PHP","book_name":"Philippians","chapter":3,"verse":8,"text":"Yea doubtless, and I count all things\nbut loss for the excellency of the knowledge of Christ Jesus my Lord: for whom I have suffered the loss of all things, and do count them\nbut dung, that I may win Christ,\n"},{"book_id":"PHP","book_name":"Philippians","chapter":3,"verse":9,"text":"And be found in him, not having mine own righteousness, which is of the law, but that which is through the faith of Christ, the righteousness which is of God by faith:\n"},{"book_id":"PHP","book_name":"Philippians","chapter":3,"verse":10,"text":"That I may know him, and the power of his resurrection, and the fellowship of his sufferings, being made conformable unto his death;\n"},{"book_id":"PHP","book_name":"Philippians","chapter":3,"verse":11,"text":"If by any means I might attain unto the resurrection of the dead.\n"},{"book_id":"PHP","book_name":"Philippians","chapter":3,"verse":12,"text":"Not as though I had already attained, either were already perfect: but I follow after, if that I may apprehend that for which also I am apprehended of Christ Jesus.\n"},{"book_id":"PHP","book_name":"Philippians","chapter":3,"verse":13,"text":"Brethren, I count not myself to have apprehended: but\nthis\n one thing\nI do, forgetting those things which are behind, and reaching forth unto those things which are before,\n"},{"book_id":"PHP","book_name":"Philippians","chapter":3,"verse":14,"text":"I press toward the mark for the prize of the high calling of God in Christ Jesus.\n"},{"book_id":"PHP","book_name":"Philippians","chapter":3,"verse":15,"text":"Let us therefore, as many as be perfect, be thus minded: and if in any thing ye be otherwise minded, God shall reveal even this unto you.\n"},{"book_id":"PHP","book_name":"Philippians","chapter":3,"verse":16,"text":"Nevertheless, whereto we have already attained, let us walk by the same rule, let us mind the same thing.\n"},{"book_id":"PHP","book_name":"Philippians","chapter":3,"verse":17,"text":"Brethren, be followers together of me, and mark them which walk so as ye have us for an ensample.\n"},{"book_id":"PHP","book_name":"Philippians","chapter":3,"verse":18,"text":"(For many walk, of whom I have told you often, and now tell you even weeping,\nthat they are the enemies of the cross of Christ:\n"},{"book_id":"PHP","book_name":"Philippians","chapter":3,"verse":19,"text":"Whose end\nis destruction, whose God\nis their belly, and\nwhose glory\nis in their shame, who mind earthly things.)\n"},{"book_id":"PHP","book_name":"Philippians","chapter":3,"verse":20,"text":"For our conversation is in heaven; from whence also we look for the Saviour, the Lord Jesus Christ:\n"},{"book_id":"PHP","book_name":"Philippians","chapter":3,"verse":21,"text":"Who shall change our vile body, that it may be fashioned like unto his glorious body, according to the working whereby he is able even to subdue all things unto himself.\n"},{"book_id":"PHP","book_name":"Philippians","chapter":4,"verse":1,"text":"Therefore, my brethren dearly beloved and longed for, my joy and crown, so stand fast in the Lord,\nmy dearly beloved.\n"},{"book_id":"PHP","book_name":"Philippians","chapter":4,"verse":2,"text":"I beseech Euodias, and beseech Syntyche, that they be of the same mind in the Lord.\n"},{"book_id":"PHP","book_name":"Philippians","chapter":4,"verse":3,"text":"And I intreat thee also, true yokefellow, help those women which laboured with me in the gospel, with Clement also, and\nwith other my fellowlabourers, whose names\nare in the book of life.\n"},{"book_id":"PHP","book_name":"Philippians","chapter":4,"verse":4,"text":"Rejoice in the Lord alway:\nand again I say, Rejoice.\n"},{"book_id":"PHP","book_name":"Philippians","chapter":4,"verse":5,"text":"Let your moderation be known unto all men. The Lord\nis at hand.\n"},{"book_id":"PHP","book_name":"Philippians","chapter":4,"verse":6,"text":"Be careful for nothing; but in every thing by prayer and supplication with thanksgiving let your requests be made known unto God.\n"},{"book_id":"PHP","book_name":"Philippians","chapter":4,"verse":7,"text":"And the peace of God, which passeth all understanding, shall keep your hearts and minds through Christ Jesus.\n"},{"book_id":"PHP","book_name":"Philippians","chapter":4,"verse":8,"text":"Finally, brethren, whatsoever things are true, whatsoever things\nare honest, whatsoever things\nare just, whatsoever things\nare pure, whatsoever things\nare lovely, whatsoever things\nare of good report; if\nthere be any virtue, and if\nthere be any praise, think on these things.\n"},{"book_id":"PHP","book_name":"Philippians","chapter":4,"verse":9,"text":"Those things, which ye have both learned, and received, and heard, and seen in me, do: and the God of peace shall be with you.\n"},{"book_id":"PHP","book_name":"Philippians","chapter":4,"verse":10,"text":"But I rejoiced in the Lord greatly, that now at the last your care of me hath flourished again; wherein ye were also careful, but ye lacked opportunity.\n"},{"book_id":"PHP","book_name":"Philippians","chapter":4,"verse":11,"text":"Not that I speak in respect of want: for I have learned, in whatsoever state I am,\ntherewith to be content.\n"},{"book_id":"PHP","book_name":"Philippians","chapter":4,"verse":12,"text":"I know both how to be abased, and I know how to abound: every where and in all things I am instructed both to be full and to be hungry, both to abound and to suffer need.\n"},{"book_id":"PHP","book_name":"Philippians","chapter":4,"verse":13,"text":"I can do all things through Christ which strengtheneth me.\n"},{"book_id":"PHP","book_name":"Philippians","chapter":4,"verse":14,"text":"Notwithstanding ye have well done, that ye did communicate with my affliction.\n"},{"book_id":"PHP","book_name":"Philippians","chapter":4,"verse":15,"text":"Now ye Philippians know also, that in the beginning of the gospel, when I departed from Macedonia, no church communicated with me as concerning giving and receiving, but ye only.\n"},{"book_id":"PHP","book_name":"Philippians","chapter":4,"verse":16,"text":"For even in Thessalonica ye sent once and again unto my necessity.\n"},{"book_id":"PHP","book_name":"Philippians","chapter":4,"verse":17,"text":"Not because I desire a gift: but I desire fruit that may abound to your account.\n"},{"book_id":"PHP","book_name":"Philippians","chapter":4,"verse":18,"text":"But I have all, and abound: I am full, having received of Epaphroditus the things\nwhich were sent from you, an odour of a sweet smell, a sacrifice acceptable, wellpleasing to God.\n"},{"book_id":"PHP","book_name":"Philippians","chapter":4,"verse":19,"text":"But my God shall supply all your need according to his riches in glory by Christ Jesus.\n"},{"book_id":"PHP","book_name":"Philippians","chapter":4,"verse":20,"text":"Now unto God and our Father\nbe glory for ever and ever. Amen.\n"},{"book_id":"PHP","book_name":"Philippians","chapter":4,"verse":21,"text":"Salute every saint in Christ Jesus. The brethren which are with me greet you.\n"},{"book_id":"PHP","book_name":"Philippians","chapter":4,"verse":22,"text":"All the saints salute you, chiefly they that are of Caesar’s household.\n"},{"book_id":"PHP","book_name":"Philippians","chapter":4,"verse":23,"text":"The grace of our Lord Jesus Christ\nbe with you all. Amen.\n"}],"translation_id":"kjv","translation_name":"King James Version","translation_note":"Public Domain"}