{"reference":"Song of Solomon 1,2,3,4,5,6,7,8","verses":[{"book_id":"SNG","book_name":"Song of Solomon","chapter":1,"verse":1,"text":"The song of songs, which\nis Solomon’s.\n"},{"book_id":"SNG","book_name":"Song of Solomon","chapter":1,"verse":2,"text":"Let him kiss me with the kisses of his mouth: for thy love\nis\n better than wine.\n"},{"book_id":"SNG","book_name":"Song of Solomon","chapter":1,"verse":3,"text":"Because of the savour of thy good ointments thy name\nis as\n ointment poured forth, therefore do the virgins love thee.\n"},{"book_id":"SNG","book_name":"Song of Solomon","chapter":1,"verse":4,"text":"Draw me, we will run after thee: the king hath brought me into his chambers: we will be glad and rejoice in thee, we will remember thy love more than wine: the upright love thee.\n"},{"book_id":"SNG","book_name":"Song of Solomon","chapter":1,"verse":5,"text":"I\nam black, but comely, O ye daughters of Jerusalem, as the tents of Kedar, as the curtains of Solomon.\n"},{"book_id":"SNG","book_name":"Song of Solomon","chapter":1,"verse":6,"text":"Look not upon me, because I\nam black, because the sun hath looked upon me: my mother’s children were angry with me; they made me the keeper of the vineyards;\nbut mine own vineyard have I not kept.\n"},{"book_id":"SNG","book_name":"Song of Solomon","chapter":1,"verse":7,"text":"Tell me, O thou whom my soul loveth, where thou feedest, where thou makest\nthy flock to rest at noon: for why should I be as one that turneth aside by the flocks of thy companions?\n"},{"book_id":"SNG","book_name":"Song of Solomon","chapter":1,"verse":8,"text":"If thou know not, O thou fairest among women, go thy way forth by the footsteps of the flock, and feed thy kids beside the shepherds’ tents.\n"},{"book_id":"SNG","book_name":"Song of Solomon","chapter":1,"verse":9,"text":"I have compared thee, O my love, to a company of horses in Pharaoh’s chariots.\n"},{"book_id":"SNG","book_name":"Song of Solomon","chapter":1,"verse":10,"text":"Thy cheeks are comely with rows\nof jewels, thy neck with chains\nof gold.\n"},{"book_id":"SNG","book_name":"Song of Solomon","chapter":1,"verse":11,"text":"We will make thee borders of gold with studs of silver.\n"},{"book_id":"SNG","book_name":"Song of Solomon","chapter":1,"verse":12,"text":"While the king\nsitteth at his table, my spikenard sendeth forth the smell thereof.\n"},{"book_id":"SNG","book_name":"Song of Solomon","chapter":1,"verse":13,"text":"A bundle of myrrh\nis my wellbeloved unto me; he shall lie all night betwixt my breasts.\n"},{"book_id":"SNG","book_name":"Song of Solomon","chapter":1,"verse":14,"text":"My beloved\nis unto me\nas a cluster of camphire in the vineyards of En-gedi.\n"},{"book_id":"SNG","book_name":"Song of Solomon","chapter":1,"verse":15,"text":"Behold, thou\nart fair, my love; behold, thou\nart\n fair; thou\nhast doves’ eyes.\n"},{"book_id":"SNG","book_name":"Song of Solomon","chapter":1,"verse":16,"text":"Behold, thou\nart fair, my beloved, yea, pleasant: also our bed\nis green.\n"},{"book_id":"SNG","book_name":"Song of Solomon","chapter":1,"verse":17,"text":"The beams of our house\nare cedar,\nand our rafters of fir.\n"},{"book_id":"SNG","book_name":"Song of Solomon","chapter":2,"verse":1,"text":"I\nam the rose of Sharon,\nand the lily of the valleys.\n"},{"book_id":"SNG","book_name":"Song of Solomon","chapter":2,"verse":2,"text":"As the lily among thorns, so\nis my love among the daughters.\n"},{"book_id":"SNG","book_name":"Song of Solomon","chapter":2,"verse":3,"text":"As the apple tree among the trees of the wood, so\nis my beloved among the sons. I sat down under his shadow with great delight, and his fruit\nwas sweet to my taste.\n"},{"book_id":"SNG","book_name":"Song of Solomon","chapter":2,"verse":4,"text":"He brought me to the banqueting house, and his banner over me\nwas\n love.\n"},{"book_id":"SNG","book_name":"Song of Solomon","chapter":2,"verse":5,"text":"Stay me with flagons, comfort me with apples: for I\nam sick of love.\n"},{"book_id":"SNG","book_name":"Song of Solomon","chapter":2,"verse":6,"text":"His left hand\nis under my head, and his right hand doth embrace me.\n"},{"book_id":"SNG","book_name":"Song of Solomon","chapter":2,"verse":7,"text":"I charge you, O ye daughters of Jerusalem, by the roes, and by the hinds of the field, that ye stir not up, nor awake\nmy love, till he please.\n"},{"book_id":"SNG","book_name":"Song of Solomon","chapter":2,"verse":8,"text":"The voice of my beloved! behold, he cometh leaping upon the mountains, skipping upon the hills.\n"},{"book_id":"SNG","book_name":"Song of Solomon","chapter":2,"verse":9,"text":"My beloved is like a roe or a young hart: behold, he standeth behind our wall, he looketh forth at the windows, shewing himself through the lattice.\n"},{"book_id":"SNG","book_name":"Song of Solomon","chapter":2,"verse":10,"text":"My beloved spake, and said unto me, Rise up, my love, my fair one, and come away.\n"},{"book_id":"SNG","book_name":"Song of Solomon","chapter":2,"verse":11,"text":"For, lo, the winter is past, the rain is over\nand gone;\n"},{"book_id":"SNG","book_name":"Song of Solomon","chapter":2,"verse":12,"text":"The flowers appear on the earth; the time of the singing\nof birds\n is come, and the voice of the turtle is heard in our land;\n"},{"book_id":"SNG","book_name":"Song of Solomon","chapter":2,"verse":13,"text":"The fig tree putteth forth her green figs, and the vines\nwith\n the tender grape give a\ngood smell. Arise, my love, my fair one, and come away.\n"},{"book_id":"SNG","book_name":"Song of Solomon","chapter":2,"verse":14,"text":"O my dove,\nthat art in the clefts of the rock, in the secret\nplaces of the stairs, let me see thy countenance, let me hear thy voice; for sweet\nis thy voice, and thy countenance\nis\n comely.\n"},{"book_id":"SNG","book_name":"Song of Solomon","chapter":2,"verse":15,"text":"Take us the foxes, the little foxes, that spoil the vines: for our vines\nhave tender grapes.\n"},{"book_id":"SNG","book_name":"Song of Solomon","chapter":2,"verse":16,"text":"My beloved\nis mine, and I\nam his: he feedeth among the lilies.\n"},{"book_id":"SNG","book_name":"Song of Solomon","chapter":2,"verse":17,"text":"Until the day break, and the shadows flee away, turn, my beloved, and be thou like a roe or a young hart upon the mountains of Bether.\n"},{"book_id":"SNG","book_name":"Song of Solomon","chapter":3,"verse":1,"text":"By night on my bed I sought him whom my soul loveth: I sought him, but I found him not.\n"},{"book_id":"SNG","book_name":"Song of Solomon","chapter":3,"verse":2,"text":"I will rise now, and go about the city in the streets, and in the broad ways I will seek him whom my soul loveth: I sought him, but I found him not.\n"},{"book_id":"SNG","book_name":"Song of Solomon","chapter":3,"verse":3,"text":"The watchmen that go about the city found me:\nto whom I said,\n Saw ye him whom my soul loveth?\n"},{"book_id":"SNG","book_name":"Song of Solomon","chapter":3,"verse":4,"text":"It was but a little that I passed from them, but I found him whom my soul loveth: I held him, and would not let him go, until I had brought him into my mother’s house, and into the chamber of her that conceived me.\n"},{"book_id":"SNG","book_name":"Song of Solomon","chapter":3,"verse":5,"text":"I charge you, O ye daughters of Jerusalem, by the roes, and by the hinds of the field, that ye stir not up, nor awake\nmy love, till he please.\n"},{"book_id":"SNG","book_name":"Song of Solomon","chapter":3,"verse":6,"text":"Who\nis this that cometh out of the wilderness like pillars of smoke, perfumed with myrrh and frankincense, with all powders of the merchant?\n"},{"book_id":"SNG","book_name":"Song of Solomon","chapter":3,"verse":7,"text":"Behold his bed, which\nis Solomon’s; threescore valiant men\nare about it, of the valiant of Israel.\n"},{"book_id":"SNG","book_name":"Song of Solomon","chapter":3,"verse":8,"text":"They all hold swords,\nbeing expert in war: every man\nhath his sword upon his thigh because of fear in the night.\n"},{"book_id":"SNG","book_name":"Song of Solomon","chapter":3,"verse":9,"text":"King Solomon made himself a chariot of the wood of Lebanon.\n"},{"book_id":"SNG","book_name":"Song of Solomon","chapter":3,"verse":10,"text":"He made the pillars thereof\nof silver, the bottom thereof\nof gold, the covering of it\nof purple, the midst thereof being paved\nwith love, for the daughters of Jerusalem.\n"},{"book_id":"SNG","book_name":"Song of Solomon","chapter":3,"verse":11,"text":"Go forth, O ye daughters of Zion, and behold king Solomon with the crown wherewith his mother crowned him in the day of his espousals, and in the day of the gladness of his heart.\n"},{"book_id":"SNG","book_name":"Song of Solomon","chapter":4,"verse":1,"text":"Behold, thou\nart fair, my love; behold, thou\nart\n fair; thou\nhast doves’ eyes within thy locks: thy hair\nis as a flock of goats, that appear from mount Gilead.\n"},{"book_id":"SNG","book_name":"Song of Solomon","chapter":4,"verse":2,"text":"Thy teeth\nare like a flock\nof sheep that are even\n shorn, which came up from the washing; whereof every one bear twins, and none\nis barren among them.\n"},{"book_id":"SNG","book_name":"Song of Solomon","chapter":4,"verse":3,"text":"Thy lips\nare like a thread of scarlet, and thy speech\nis comely: thy temples\nare like a piece of a pomegranate within thy locks.\n"},{"book_id":"SNG","book_name":"Song of Solomon","chapter":4,"verse":4,"text":"Thy neck\nis like the tower of David builded for an armoury, whereon there hang a thousand bucklers, all shields of mighty men.\n"},{"book_id":"SNG","book_name":"Song of Solomon","chapter":4,"verse":5,"text":"Thy two breasts\nare like two young roes that are twins, which feed among the lilies.\n"},{"book_id":"SNG","book_name":"Song of Solomon","chapter":4,"verse":6,"text":"Until the day break, and the shadows flee away, I will get me to the mountain of myrrh, and to the hill of frankincense.\n"},{"book_id":"SNG","book_name":"Song of Solomon","chapter":4,"verse":7,"text":"Thou\nart all fair, my love;\nthere is no spot in thee.\n"},{"book_id":"SNG","book_name":"Song of Solomon","chapter":4,"verse":8,"text":"Come with me from Lebanon,\nmy spouse, with me from Lebanon: look from the top of Amana, from the top of Shenir and Hermon, from the lions’ dens, from the mountains of the leopards.\n"},{"book_id":"SNG","book_name":"Song of Solomon","chapter":4,"verse":9,"text":"Thou hast ravished my heart, my sister,\nmy spouse; thou hast ravished my heart with one of thine eyes, with one chain of thy neck.\n"},{"book_id":"SNG","book_name":"Song of Solomon","chapter":4,"verse":10,"text":"How fair is thy love, my sister,\nmy spouse! how much better is thy love than wine! and the smell of thine ointments than all spices!\n"},{"book_id":"SNG","book_name":"Song of Solomon","chapter":4,"verse":11,"text":"Thy lips, O\nmy spouse, drop\nas the honeycomb: honey and milk\nare under thy tongue; and the smell of thy garments\nis like the smell of Lebanon.\n"},{"book_id":"SNG","book_name":"Song of Solomon","chapter":4,"verse":12,"text":"A garden inclosed\nis my sister,\nmy spouse; a spring shut up, a fountain sealed.\n"},{"book_id":"SNG","book_name":"Song of Solomon","chapter":4,"verse":13,"text":"Thy plants\nare an orchard of pomegranates, with pleasant fruits; camphire, with spikenard,\n"},{"book_id":"SNG","book_name":"Song of Solomon","chapter":4,"verse":14,"text":"Spikenard and saffron; calamus and cinnamon, with all trees of frankincense; myrrh and aloes, with all the chief spices:\n"},{"book_id":"SNG","book_name":"Song of Solomon","chapter":4,"verse":15,"text":"A fountain of gardens, a well of living waters, and streams from Lebanon.\n"},{"book_id":"SNG","book_name":"Song of Solomon","chapter":4,"verse":16,"text":"Awake, O north wind; and come, thou south; blow upon my garden,\nthat the spices thereof may flow out. Let my beloved come into his garden, and eat his pleasant fruits.\n"},{"book_id":"SNG","book_name":"Song of Solomon","chapter":5,"verse":1,"text":"I am come into my garden, my sister,\nmy spouse: I have gathered my myrrh with my spice; I have eaten my honeycomb with my honey; I have drunk my wine with my milk: eat, O friends; drink, yea, drink abundantly, O beloved.\n"},{"book_id":"SNG","book_name":"Song of Solomon","chapter":5,"verse":2,"text":"I sleep, but my heart waketh:\nit is the voice of my beloved that knocketh,\nsaying, Open to me, my sister, my love, my dove, my undefiled: for my head is filled with dew,\nand my locks with the drops of the night.\n"},{"book_id":"SNG","book_name":"Song of Solomon","chapter":5,"verse":3,"text":"I have put off my coat; how shall I put it on? I have washed my feet; how shall I defile them?\n"},{"book_id":"SNG","book_name":"Song of Solomon","chapter":5,"verse":4,"text":"My beloved put in his hand by the hole\nof the door, and my bowels were moved for him.\n"},{"book_id":"SNG","book_name":"Song of Solomon","chapter":5,"verse":5,"text":"I rose up to open to my beloved; and my hands dropped\nwith\n myrrh, and my fingers\nwith sweet smelling myrrh, upon the handles of the lock.\n"},{"book_id":"SNG","book_name":"Song of Solomon","chapter":5,"verse":6,"text":"I opened to my beloved; but my beloved had withdrawn himself,\nand\n was gone: my soul failed when he spake: I sought him, but I could not find him; I called him, but he gave me no answer.\n"},{"book_id":"SNG","book_name":"Song of Solomon","chapter":5,"verse":7,"text":"The watchmen that went about the city found me, they smote me, they wounded me; the keepers of the walls took away my veil from me.\n"},{"book_id":"SNG","book_name":"Song of Solomon","chapter":5,"verse":8,"text":"I charge you, O daughters of Jerusalem, if ye find my beloved, that ye tell him, that I\nam sick of love.\n"},{"book_id":"SNG","book_name":"Song of Solomon","chapter":5,"verse":9,"text":"What\nis thy beloved more than\nanother beloved, O thou fairest among women? what\nis thy beloved more than\nanother\n beloved, that thou dost so charge us?\n"},{"book_id":"SNG","book_name":"Song of Solomon","chapter":5,"verse":10,"text":"My beloved\nis white and ruddy, the chiefest among ten thousand.\n"},{"book_id":"SNG","book_name":"Song of Solomon","chapter":5,"verse":11,"text":"His head\nis as the most fine gold, his locks\nare\n bushy,\nand black as a raven.\n"},{"book_id":"SNG","book_name":"Song of Solomon","chapter":5,"verse":12,"text":"His eyes\nare as\nthe eyes of doves by the rivers of waters, washed with milk,\nand fitly set.\n"},{"book_id":"SNG","book_name":"Song of Solomon","chapter":5,"verse":13,"text":"His cheeks\nare as a bed of spices,\nas sweet flowers: his lips\nlike lilies, dropping sweet smelling myrrh.\n"},{"book_id":"SNG","book_name":"Song of Solomon","chapter":5,"verse":14,"text":"His hands\nare as gold rings set with the beryl: his belly\nis as bright ivory overlaid\nwith sapphires.\n"},{"book_id":"SNG","book_name":"Song of Solomon","chapter":5,"verse":15,"text":"His legs\nare as pillars of marble, set upon sockets of fine gold: his countenance\nis as Lebanon, excellent as the cedars.\n"},{"book_id":"SNG","book_name":"Song of Solomon","chapter":5,"verse":16,"text":"His mouth\nis most sweet: yea, he\nis altogether lovely. This\nis my beloved, and this\nis my friend, O daughters of Jerusalem.\n"},{"book_id":"SNG","book_name":"Song of Solomon","chapter":6,"verse":1,"text":"Whither is thy beloved gone, O thou fairest among women? whither is thy beloved turned aside? that we may seek him with thee.\n"},{"book_id":"SNG","book_name":"Song of Solomon","chapter":6,"verse":2,"text":"My beloved is gone down into his garden, to the beds of spices, to feed in the gardens, and to gather lilies.\n"},{"book_id":"SNG","book_name":"Song of Solomon","chapter":6,"verse":3,"text":"I\nam my beloved’s, and my beloved\nis mine: he feedeth among the lilies.\n"},{"book_id":"SNG","book_name":"Song of Solomon","chapter":6,"verse":4,"text":"Thou\nart beautiful, O my love, as Tirzah, comely as Jerusalem, terrible as\nan army with banners.\n"},{"book_id":"SNG","book_name":"Song of Solomon","chapter":6,"verse":5,"text":"Turn away thine eyes from me, for they have overcome me: thy hair\nis as a flock of goats that appear from Gilead.\n"},{"book_id":"SNG","book_name":"Song of Solomon","chapter":6,"verse":6,"text":"Thy teeth\nare as a flock of sheep which go up from the washing, whereof every one beareth twins, and\nthere is not one barren among them.\n"},{"book_id":"SNG","book_name":"Song of Solomon","chapter":6,"verse":7,"text":"As a piece of a pomegranate\nare thy temples within thy locks.\n"},{"book_id":"SNG","book_name":"Song of Solomon","chapter":6,"verse":8,"text":"There are threescore queens, and fourscore concubines, and virgins without number.\n"},{"book_id":"SNG","book_name":"Song of Solomon","chapter":6,"verse":9,"text":"My dove, my undefiled is\nbut one; she\nis the\nonly one of her mother, she\nis the choice\none\n of her that bare her. The daughters saw her, and blessed her;\nyea, the queens and the concubines, and they praised her.\n"},{"book_id":"SNG","book_name":"Song of Solomon","chapter":6,"verse":10,"text":"Who\nis she\nthat looketh forth as the morning, fair as the moon, clear as the sun,\nand terrible as\nan army\n with banners?\n"},{"book_id":"SNG","book_name":"Song of Solomon","chapter":6,"verse":11,"text":"I went down into the garden of nuts to see the fruits of the valley,\nand to see whether the vine flourished,\nand the pomegranates budded.\n"},{"book_id":"SNG","book_name":"Song of Solomon","chapter":6,"verse":12,"text":"Or ever I was aware, my soul made me\nlike the chariots of Amminadib.\n"},{"book_id":"SNG","book_name":"Song of Solomon","chapter":6,"verse":13,"text":"Return, return, O Shulamite; return, return, that we may look upon thee. What will ye see in the Shulamite? As it were the company of two armies.\n"},{"book_id":"SNG","book_name":"Song of Solomon","chapter":7,"verse":1,"text":"How beautiful are thy feet with shoes, O prince’s daughter! the joints of thy thighs\nare like jewels, the work of the hands of a cunning workman.\n"},{"book_id":"SNG","book_name":"Song of Solomon","chapter":7,"verse":2,"text":"Thy navel\nis like a round goblet,\nwhich wanteth not liquor: thy belly\nis like an heap of wheat set about with lilies.\n"},{"book_id":"SNG","book_name":"Song of Solomon","chapter":7,"verse":3,"text":"Thy two breasts\nare like two young roes\nthat are\n twins.\n"},{"book_id":"SNG","book_name":"Song of Solomon","chapter":7,"verse":4,"text":"Thy neck\nis as a tower of ivory; thine eyes\nlike\n the fishpools in Heshbon, by the gate of Bath-rabbim: thy nose\nis as the tower of Lebanon which looketh toward Damascus.\n"},{"book_id":"SNG","book_name":"Song of Solomon","chapter":7,"verse":5,"text":"Thine head upon thee\nis like Carmel, and the hair of thine head like purple; the king\nis held in the galleries.\n"},{"book_id":"SNG","book_name":"Song of Solomon","chapter":7,"verse":6,"text":"How fair and how pleasant art thou, O love, for delights!\n"},{"book_id":"SNG","book_name":"Song of Solomon","chapter":7,"verse":7,"text":"This thy stature is like to a palm tree, and thy breasts to clusters\nof grapes.\n"},{"book_id":"SNG","book_name":"Song of Solomon","chapter":7,"verse":8,"text":"I said, I will go up to the palm tree, I will take hold of the boughs thereof: now also thy breasts shall be as clusters of the vine, and the smell of thy nose like apples;\n"},{"book_id":"SNG","book_name":"Song of Solomon","chapter":7,"verse":9,"text":"And the roof of thy mouth like the best wine for my beloved, that goeth\ndown sweetly, causing the lips of those that are asleep to speak.\n"},{"book_id":"SNG","book_name":"Song of Solomon","chapter":7,"verse":10,"text":"I\nam my beloved’s, and his desire\nis toward me.\n"},{"book_id":"SNG","book_name":"Song of Solomon","chapter":7,"verse":11,"text":"Come, my beloved, let us go forth into the field; let us lodge in the villages.\n"},{"book_id":"SNG","book_name":"Song of Solomon","chapter":7,"verse":12,"text":"Let us get up early to the vineyards; let us see if the vine flourish,\nwhether the tender grape appear,\nand the pomegranates bud forth: there will I give thee my loves.\n"},{"book_id":"SNG","book_name":"Song of Solomon","chapter":7,"verse":13,"text":"The mandrakes give a smell, and at our gates\nare all manner of pleasant\nfruits, new and old,\nwhich I have laid up for thee, O my beloved.\n"},{"book_id":"SNG","book_name":"Song of Solomon","chapter":8,"verse":1,"text":"O that thou\nwert as my brother, that sucked the breasts of my mother!\nwhen I should find thee without, I would kiss thee; yea, I should not be despised.\n"},{"book_id":"SNG","book_name":"Song of Solomon","chapter":8,"verse":2,"text":"I would lead thee,\nand bring thee into my mother’s house,\nwho would instruct me: I would cause thee to drink of spiced wine of the juice of my pomegranate.\n"},{"book_id":"SNG","book_name":"Song of Solomon","chapter":8,"verse":3,"text":"His left hand\nshould be under my head, and his right hand should embrace me.\n"},{"book_id":"SNG","book_name":"Song of Solomon","chapter":8,"verse":4,"text":"I charge you, O daughters of Jerusalem, that ye stir not up, nor awake\nmy love, until he please.\n"},{"book_id":"SNG","book_name":"Song of Solomon","chapter":8,"verse":5,"text":"Who\nis this that cometh up from the wilderness, leaning upon her beloved? I raised thee up under the apple tree: there thy mother brought thee forth: there she brought thee forth\nthat bare thee.\n"},{"book_id":"SNG","book_name":"Song of Solomon","chapter":8,"verse":6,"text":"Set me as a seal upon thine heart, as a seal upon thine arm: for love\nis strong as death; jealousy\nis cruel as the grave: the coals thereof\nare coals of fire,\nwhich hath a most vehement flame.\n"},{"book_id":"SNG","book_name":"Song of Solomon","chapter":8,"verse":7,"text":"Many waters cannot quench love, neither can the floods drown it: if\na man would give all the substance of his house for love, it would utterly be contemned.\n"},{"book_id":"SNG","book_name":"Song of Solomon","chapter":8,"verse":8,"text":"We have a little sister, and she hath no breasts: what shall we do for our sister in the day when she shall be spoken for?\n"},{"book_id":"SNG","book_name":"Song of Solomon","chapter":8,"verse":9,"text":"If she\nbe a wall, we will build upon her a palace of silver: and if she\nbe a door, we will inclose her with boards of cedar.\n"},{"book_id":"SNG","book_name":"Song of Solomon","chapter":8,"verse":10,"text":"I\nam a wall, and my breasts like towers: then was I in his eyes as one that found favour.\n"},{"book_id":"SNG","book_name":"Song of Solomon","chapter":8,"verse":11,"text":"Solomon had a vineyard at Baal-hamon; he let out the vineyard unto keepers; every one for the fruit thereof was to bring a thousand\npieces\n of silver.\n"},{"book_id":"SNG","book_name":"Song of Solomon","chapter":8,"verse":12,"text":"My vineyard, which\nis mine,\nis before me: thou, O Solomon,\nmust have a thousand, and those that keep the fruit thereof two hundred.\n"},{"book_id":"SNG","book_name":"Song of Solomon","chapter":8,"verse":13,"text":"Thou that dwellest in the gardens, the companions hearken to thy voice: cause me to hear\nit."},{"book_id":"SNG","book_name":"Song of Solomon","chapter":8,"verse":14,"text":"Make haste, my beloved, and be thou like to a roe or to a young hart upon the mountains of spices.\n"}],"translation_id":"kjv","translation_name":"King James Version","translation_note":"Public Domain"}