{"reference":"Zephaniah 1,2,3","verses":[{"book_id":"ZEP","book_name":"Zephaniah","chapter":1,"verse":1,"text":"The word of the LORD which came unto Zephaniah the son of Cushi, the son of Gedaliah, the son of Amariah, the son of Hizkiah, in the days of Josiah the son of Amon, king of Judah.\n"},{"book_id":"ZEP","book_name":"Zephaniah","chapter":1,"verse":2,"text":"I will utterly consume all\nthings from off the land, saith the LORD.\n"},{"book_id":"ZEP","book_name":"Zephaniah","chapter":1,"verse":3,"text":"I will consume man and beast; I will consume the fowls of the heaven, and the fishes of the sea, and the stumblingblocks with the wicked; and I will cut off man from off the land, saith the LORD.\n"},{"book_id":"ZEP","book_name":"Zephaniah","chapter":1,"verse":4,"text":"I will also stretch out mine hand upon Judah, and upon all the inhabitants of Jerusalem; and I will cut off the remnant of Baal from this place,\nand the name of the Chemarims with the priests;\n"},{"book_id":"ZEP","book_name":"Zephaniah","chapter":1,"verse":5,"text":"And them that worship the host of heaven upon the housetops; and them that worship\nand that swear by the LORD, and that swear by Malcham;\n"},{"book_id":"ZEP","book_name":"Zephaniah","chapter":1,"verse":6,"text":"And them that are turned back from the LORD; and\nthose that have not sought the LORD, nor enquired for him.\n"},{"book_id":"ZEP","book_name":"Zephaniah","chapter":1,"verse":7,"text":"Hold thy peace at the presence of the Lord GOD: for the day of the LORD\nis at hand: for the LORD hath prepared a sacrifice, he hath bid his guests.\n"},{"book_id":"ZEP","book_name":"Zephaniah","chapter":1,"verse":8,"text":"And it shall come to pass in the day of the LORD’S sacrifice, that I will punish the princes, and the king’s children, and all such as are clothed with strange apparel.\n"},{"book_id":"ZEP","book_name":"Zephaniah","chapter":1,"verse":9,"text":"In the same day also will I punish all those that leap on the threshold, which fill their masters’ houses with violence and deceit.\n"},{"book_id":"ZEP","book_name":"Zephaniah","chapter":1,"verse":10,"text":"And it shall come to pass in that day, saith the LORD,\nthat there shall be the noise of a cry from the fish gate, and an howling from the second, and a great crashing from the hills.\n"},{"book_id":"ZEP","book_name":"Zephaniah","chapter":1,"verse":11,"text":"Howl, ye inhabitants of Maktesh, for all the merchant people are cut down; all they that bear silver are cut off.\n"},{"book_id":"ZEP","book_name":"Zephaniah","chapter":1,"verse":12,"text":"And it shall come to pass at that time,\nthat I will search Jerusalem with candles, and punish the men that are settled on their lees: that say in their heart, The LORD will not do good, neither will he do evil.\n"},{"book_id":"ZEP","book_name":"Zephaniah","chapter":1,"verse":13,"text":"Therefore their goods shall become a booty, and their houses a desolation: they shall also build houses, but not inhabit\nthem;\n and they shall plant vineyards, but not drink the wine thereof.\n"},{"book_id":"ZEP","book_name":"Zephaniah","chapter":1,"verse":14,"text":"The great day of the LORD\nis near,\nit is near, and hasteth greatly,\neven the voice of the day of the LORD: the mighty man shall cry there bitterly.\n"},{"book_id":"ZEP","book_name":"Zephaniah","chapter":1,"verse":15,"text":"That day\nis a day of wrath, a day of trouble and distress, a day of wasteness and desolation, a day of darkness and gloominess, a day of clouds and thick darkness,\n"},{"book_id":"ZEP","book_name":"Zephaniah","chapter":1,"verse":16,"text":"A day of the trumpet and alarm against the fenced cities, and against the high towers.\n"},{"book_id":"ZEP","book_name":"Zephaniah","chapter":1,"verse":17,"text":"And I will bring distress upon men, that they shall walk like blind men, because they have sinned against the LORD: and their blood shall be poured out as dust, and their flesh as the dung.\n"},{"book_id":"ZEP","book_name":"Zephaniah","chapter":1,"verse":18,"text":"Neither their silver nor their gold shall be able to deliver them in the day of the LORD’S wrath; but the whole land shall be devoured by the fire of his jealousy: for he shall make even a speedy riddance of all them that dwell in the land.\n"},{"book_id":"ZEP","book_name":"Zephaniah","chapter":2,"verse":1,"text":"Gather yourselves together, yea, gather together, O nation not desired;\n"},{"book_id":"ZEP","book_name":"Zephaniah","chapter":2,"verse":2,"text":"Before the decree bring forth,\nbefore the day pass as the chaff, before the fierce anger of the LORD come upon you, before the day of the LORD’S anger come upon you.\n"},{"book_id":"ZEP","book_name":"Zephaniah","chapter":2,"verse":3,"text":"Seek ye the LORD, all ye meek of the earth, which have wrought his judgment; seek righteousness, seek meekness: it may be ye shall be hid in the day of the LORD’S anger.\n"},{"book_id":"ZEP","book_name":"Zephaniah","chapter":2,"verse":4,"text":"For Gaza shall be forsaken, and Ashkelon a desolation: they shall drive out Ashdod at the noonday, and Ekron shall be rooted up.\n"},{"book_id":"ZEP","book_name":"Zephaniah","chapter":2,"verse":5,"text":"Woe unto the inhabitants of the sea coast, the nation of the Cherethites! the word of the LORD\nis against you; O Canaan, the land of the Philistines, I will even destroy thee, that there shall be no inhabitant.\n"},{"book_id":"ZEP","book_name":"Zephaniah","chapter":2,"verse":6,"text":"And the sea coast shall be dwellings\nand cottages for shepherds, and folds for flocks.\n"},{"book_id":"ZEP","book_name":"Zephaniah","chapter":2,"verse":7,"text":"And the coast shall be for the remnant of the house of Judah; they shall feed thereupon: in the houses of Ashkelon shall they lie down in the evening: for the LORD their God shall visit them, and turn away their captivity.\n"},{"book_id":"ZEP","book_name":"Zephaniah","chapter":2,"verse":8,"text":"I have heard the reproach of Moab, and the revilings of the children of Ammon, whereby they have reproached my people, and magnified\nthemselves\n against their border.\n"},{"book_id":"ZEP","book_name":"Zephaniah","chapter":2,"verse":9,"text":"Therefore\nas I live, saith the LORD of hosts, the God of Israel, Surely Moab shall be as Sodom, and the children of Ammon as Gomorrah,\neven the breeding of nettles, and saltpits, and a perpetual desolation: the residue of my people shall spoil them, and the remnant of my people shall possess them.\n"},{"book_id":"ZEP","book_name":"Zephaniah","chapter":2,"verse":10,"text":"This shall they have for their pride, because they have reproached and magnified\nthemselves against the people of the LORD of hosts.\n"},{"book_id":"ZEP","book_name":"Zephaniah","chapter":2,"verse":11,"text":"The LORD\nwill be terrible unto them: for he will famish all the gods of the earth; and\nmen shall worship him, every one from his place,\neven all the isles of the heathen.\n"},{"book_id":"ZEP","book_name":"Zephaniah","chapter":2,"verse":12,"text":"Ye Ethiopians also, ye\nshall be slain by my sword.\n"},{"book_id":"ZEP","book_name":"Zephaniah","chapter":2,"verse":13,"text":"And he will stretch out his hand against the north, and destroy Assyria; and will make Nineveh a desolation,\nand dry like a wilderness.\n"},{"book_id":"ZEP","book_name":"Zephaniah","chapter":2,"verse":14,"text":"And flocks shall lie down in the midst of her, all the beasts of the nations: both the cormorant and the bittern shall lodge in the upper lintels of it;\ntheir voice shall sing in the windows; desolation\nshall be in the thresholds: for he shall uncover the cedar work.\n"},{"book_id":"ZEP","book_name":"Zephaniah","chapter":2,"verse":15,"text":"This\nis the rejoicing city that dwelt carelessly, that said in her heart, I\nam, and\nthere is none beside me: how is she become a desolation, a place for beasts to lie down in! every one that passeth by her shall hiss,\nand wag his hand.\n"},{"book_id":"ZEP","book_name":"Zephaniah","chapter":3,"verse":1,"text":"Woe to her that is filthy and polluted, to the oppressing city!\n"},{"book_id":"ZEP","book_name":"Zephaniah","chapter":3,"verse":2,"text":"She obeyed not the voice; she received not correction; she trusted not in the LORD; she drew not near to her God.\n"},{"book_id":"ZEP","book_name":"Zephaniah","chapter":3,"verse":3,"text":"Her princes within her\nare roaring lions; her judges\nare evening wolves; they gnaw not the bones till the morrow.\n"},{"book_id":"ZEP","book_name":"Zephaniah","chapter":3,"verse":4,"text":"Her prophets\nare light\nand treacherous persons: her priests have polluted the sanctuary, they have done violence to the law.\n"},{"book_id":"ZEP","book_name":"Zephaniah","chapter":3,"verse":5,"text":"The just LORD\nis in the midst thereof; he will not do iniquity: every morning doth he bring his judgment to light, he faileth not; but the unjust knoweth no shame.\n"},{"book_id":"ZEP","book_name":"Zephaniah","chapter":3,"verse":6,"text":"I have cut off the nations: their towers are desolate; I made their streets waste, that none passeth by: their cities are destroyed, so that there is no man, that there is none inhabitant.\n"},{"book_id":"ZEP","book_name":"Zephaniah","chapter":3,"verse":7,"text":"I said, Surely thou wilt fear me, thou wilt receive instruction; so their dwelling should not be cut off, howsoever I punished them: but they rose early,\nand corrupted all their doings.\n"},{"book_id":"ZEP","book_name":"Zephaniah","chapter":3,"verse":8,"text":"Therefore wait ye upon me, saith the LORD, until the day that I rise up to the prey: for my determination\nis to gather the nations, that I may assemble the kingdoms, to pour upon them mine indignation,\neven\n all my fierce anger: for all the earth shall be devoured with the fire of my jealousy.\n"},{"book_id":"ZEP","book_name":"Zephaniah","chapter":3,"verse":9,"text":"For then will I turn to the people a pure language, that they may all call upon the name of the LORD, to serve him with one consent.\n"},{"book_id":"ZEP","book_name":"Zephaniah","chapter":3,"verse":10,"text":"From beyond the rivers of Ethiopia my suppliants,\neven the daughter of my dispersed, shall bring mine offering.\n"},{"book_id":"ZEP","book_name":"Zephaniah","chapter":3,"verse":11,"text":"In that day shalt thou not be ashamed for all thy doings, wherein thou hast transgressed against me: for then I will take away out of the midst of thee them that rejoice in thy pride, and thou shalt no more be haughty because of my holy mountain.\n"},{"book_id":"ZEP","book_name":"Zephaniah","chapter":3,"verse":12,"text":"I will also leave in the midst of thee an afflicted and poor people, and they shall trust in the name of the LORD.\n"},{"book_id":"ZEP","book_name":"Zephaniah","chapter":3,"verse":13,"text":"The remnant of Israel shall not do iniquity, nor speak lies; neither shall a deceitful tongue be found in their mouth: for they shall feed and lie down, and none shall make\nthem afraid.\n"},{"book_id":"ZEP","book_name":"Zephaniah","chapter":3,"verse":14,"text":"Sing, O daughter of Zion; shout, O Israel; be glad and rejoice with all the heart, O daughter of Jerusalem.\n"},{"book_id":"ZEP","book_name":"Zephaniah","chapter":3,"verse":15,"text":"The LORD hath taken away thy judgments, he hath cast out thine enemy: the king of Israel,\neven the LORD,\nis in the midst of thee: thou shalt not see evil any more.\n"},{"book_id":"ZEP","book_name":"Zephaniah","chapter":3,"verse":16,"text":"In that day it shall be said to Jerusalem, Fear thou not:\nand to\n Zion, Let not thine hands be slack.\n"},{"book_id":"ZEP","book_name":"Zephaniah","chapter":3,"verse":17,"text":"The LORD thy God in the midst of thee\nis mighty; he will save, he will rejoice over thee with joy; he will rest in his love, he will joy over thee with singing.\n"},{"book_id":"ZEP","book_name":"Zephaniah","chapter":3,"verse":18,"text":"I will gather\nthem that are sorrowful for the solemn assembly,\nwho are of thee,\nto whom the reproach of it\nwas\n a burden.\n"},{"book_id":"ZEP","book_name":"Zephaniah","chapter":3,"verse":19,"text":"Behold, at that time I will undo all that afflict thee: and I will save her that halteth, and gather her that was driven out; and I will get them praise and fame in every land where they have been put to shame.\n"},{"book_id":"ZEP","book_name":"Zephaniah","chapter":3,"verse":20,"text":"At that time will I bring you\nagain, even in the time that I gather you: for I will make you a name and a praise among all people of the earth, when I turn back your captivity before your eyes, saith the LORD.\n"}],"translation_id":"kjv","translation_name":"King James Version","translation_note":"Public Domain"}